filename,filename_neg,Caption,Caption_neg
/home/woojye2020/decs_jupyter_lab/MedCLIP-SAMv2/UDIAT/Benign/000032.png,/home/woojye2020/decs_jupyter_lab/MedCLIP-SAMv2/generated_neg_output/udiat_vector_injection_breast2/Benign/000032.png,a photo of a benign tumor breast,a photo of a healthy breast
/home/woojye2020/decs_jupyter_lab/MedCLIP-SAMv2/UDIAT/Benign/000026.png,/home/woojye2020/decs_jupyter_lab/MedCLIP-SAMv2/generated_neg_output/udiat_vector_injection_breast2/Benign/000026.png,a photo of a benign tumor breast,a photo of a healthy breast
/home/woojye2020/decs_jupyter_lab/MedCLIP-SAMv2/UDIAT/Benign/000033.png,/home/woojye2020/decs_jupyter_lab/MedCLIP-SAMv2/generated_neg_output/udiat_vector_injection_breast2/Benign/000033.png,a photo of a benign tumor breast,a photo of a healthy breast
/home/woojye2020/decs_jupyter_lab/MedCLIP-SAMv2/UDIAT/Benign/000019.png,/home/woojye2020/decs_jupyter_lab/MedCLIP-SAMv2/generated_neg_output/udiat_vector_injection_breast2/Benign/000019.png,a photo of a benign tumor breast,a photo of a healthy breast
/home/woojye2020/decs_jupyter_lab/MedCLIP-SAMv2/UDIAT/Benign/000020.png,/home/woojye2020/decs_jupyter_lab/MedCLIP-SAMv2/generated_neg_output/udiat_vector_injection_breast2/Benign/000020.png,a photo of a benign tumor breast,a photo of a healthy breast
/home/woojye2020/decs_jupyter_lab/MedCLIP-SAMv2/UDIAT/Benign/000034.png,/home/woojye2020/decs_jupyter_lab/MedCLIP-SAMv2/generated_neg_output/udiat_vector_injection_breast2/Benign/000034.png,a photo of a benign tumor breast,a photo of a healthy breast
/home/woojye2020/decs_jupyter_lab/MedCLIP-SAMv2/UDIAT/Benign/000008.png,/home/woojye2020/decs_jupyter_lab/MedCLIP-SAMv2/generated_neg_output/udiat_vector_injection_breast2/Benign/000008.png,a photo of a benign tumor breast,a photo of a healthy breast
/home/woojye2020/decs_jupyter_lab/MedCLIP-SAMv2/UDIAT/Benign/000009.png,/home/woojye2020/decs_jupyter_lab/MedCLIP-SAMv2/generated_neg_output/udiat_vector_injection_breast2/Benign/000009.png,a photo of a benign tumor breast,a photo of a healthy breast
/home/woojye2020/decs_jupyter_lab/MedCLIP-SAMv2/UDIAT/Benign/000035.png,/home/woojye2020/decs_jupyter_lab/MedCLIP-SAMv2/generated_neg_output/udiat_vector_injection_breast2/Benign/000035.png,a photo of a benign tumor breast,a photo of a healthy breast
/home/woojye2020/decs_jupyter_lab/MedCLIP-SAMv2/UDIAT/Benign/000021.png,/home/woojye2020/decs_jupyter_lab/MedCLIP-SAMv2/generated_neg_output/udiat_vector_injection_breast2/Benign/000021.png,a photo of a benign tumor breast,a photo of a healthy breast
/home/woojye2020/decs_jupyter_lab/MedCLIP-SAMv2/UDIAT/Benign/000037.png,/home/woojye2020/decs_jupyter_lab/MedCLIP-SAMv2/generated_neg_output/udiat_vector_injection_breast2/Benign/000037.png,a photo of a benign tumor breast,a photo of a healthy breast
/home/woojye2020/decs_jupyter_lab/MedCLIP-SAMv2/UDIAT/Benign/000022.png,/home/woojye2020/decs_jupyter_lab/MedCLIP-SAMv2/generated_neg_output/udiat_vector_injection_breast2/Benign/000022.png,a photo of a benign tumor breast,a photo of a healthy breast
/home/woojye2020/decs_jupyter_lab/MedCLIP-SAMv2/UDIAT/Benign/000036.png,/home/woojye2020/decs_jupyter_lab/MedCLIP-SAMv2/generated_neg_output/udiat_vector_injection_breast2/Benign/000036.png,a photo of a benign tumor breast,a photo of a healthy breast
/home/woojye2020/decs_jupyter_lab/MedCLIP-SAMv2/UDIAT/Benign/000119.png,/home/woojye2020/decs_jupyter_lab/MedCLIP-SAMv2/generated_neg_output/udiat_vector_injection_breast2/Benign/000119.png,a photo of a benign tumor breast,a photo of a healthy breast
/home/woojye2020/decs_jupyter_lab/MedCLIP-SAMv2/UDIAT/Benign/000125.png,/home/woojye2020/decs_jupyter_lab/MedCLIP-SAMv2/generated_neg_output/udiat_vector_injection_breast2/Benign/000125.png,a photo of a benign tumor breast,a photo of a healthy breast
/home/woojye2020/decs_jupyter_lab/MedCLIP-SAMv2/UDIAT/Benign/000131.png,/home/woojye2020/decs_jupyter_lab/MedCLIP-SAMv2/generated_neg_output/udiat_vector_injection_breast2/Benign/000131.png,a photo of a benign tumor breast,a photo of a healthy breast
/home/woojye2020/decs_jupyter_lab/MedCLIP-SAMv2/UDIAT/Benign/000092.png,/home/woojye2020/decs_jupyter_lab/MedCLIP-SAMv2/generated_neg_output/udiat_vector_injection_breast2/Benign/000092.png,a photo of a benign tumor breast,a photo of a healthy breast
/home/woojye2020/decs_jupyter_lab/MedCLIP-SAMv2/UDIAT/Benign/000086.png,/home/woojye2020/decs_jupyter_lab/MedCLIP-SAMv2/generated_neg_output/udiat_vector_injection_breast2/Benign/000086.png,a photo of a benign tumor breast,a photo of a healthy breast
/home/woojye2020/decs_jupyter_lab/MedCLIP-SAMv2/UDIAT/Benign/000079.png,/home/woojye2020/decs_jupyter_lab/MedCLIP-SAMv2/generated_neg_output/udiat_vector_injection_breast2/Benign/000079.png,a photo of a benign tumor breast,a photo of a healthy breast
/home/woojye2020/decs_jupyter_lab/MedCLIP-SAMv2/UDIAT/Benign/000051.png,/home/woojye2020/decs_jupyter_lab/MedCLIP-SAMv2/generated_neg_output/udiat_vector_injection_breast2/Benign/000051.png,a photo of a benign tumor breast,a photo of a healthy breast
/home/woojye2020/decs_jupyter_lab/MedCLIP-SAMv2/UDIAT/Benign/000078.png,/home/woojye2020/decs_jupyter_lab/MedCLIP-SAMv2/generated_neg_output/udiat_vector_injection_breast2/Benign/000078.png,a photo of a benign tumor breast,a photo of a healthy breast
/home/woojye2020/decs_jupyter_lab/MedCLIP-SAMv2/UDIAT/Benign/000087.png,/home/woojye2020/decs_jupyter_lab/MedCLIP-SAMv2/generated_neg_output/udiat_vector_injection_breast2/Benign/000087.png,a photo of a benign tumor breast,a photo of a healthy breast
/home/woojye2020/decs_jupyter_lab/MedCLIP-SAMv2/UDIAT/Benign/000093.png,/home/woojye2020/decs_jupyter_lab/MedCLIP-SAMv2/generated_neg_output/udiat_vector_injection_breast2/Benign/000093.png,a photo of a benign tumor breast,a photo of a healthy breast
/home/woojye2020/decs_jupyter_lab/MedCLIP-SAMv2/UDIAT/Benign/000130.png,/home/woojye2020/decs_jupyter_lab/MedCLIP-SAMv2/generated_neg_output/udiat_vector_injection_breast2/Benign/000130.png,a photo of a benign tumor breast,a photo of a healthy breast
/home/woojye2020/decs_jupyter_lab/MedCLIP-SAMv2/UDIAT/Benign/000124.png,/home/woojye2020/decs_jupyter_lab/MedCLIP-SAMv2/generated_neg_output/udiat_vector_injection_breast2/Benign/000124.png,a photo of a benign tumor breast,a photo of a healthy breast
/home/woojye2020/decs_jupyter_lab/MedCLIP-SAMv2/UDIAT/Benign/000118.png,/home/woojye2020/decs_jupyter_lab/MedCLIP-SAMv2/generated_neg_output/udiat_vector_injection_breast2/Benign/000118.png,a photo of a benign tumor breast,a photo of a healthy breast
/home/woojye2020/decs_jupyter_lab/MedCLIP-SAMv2/UDIAT/Benign/000126.png,/home/woojye2020/decs_jupyter_lab/MedCLIP-SAMv2/generated_neg_output/udiat_vector_injection_breast2/Benign/000126.png,a photo of a benign tumor breast,a photo of a healthy breast
/home/woojye2020/decs_jupyter_lab/MedCLIP-SAMv2/UDIAT/Benign/000085.png,/home/woojye2020/decs_jupyter_lab/MedCLIP-SAMv2/generated_neg_output/udiat_vector_injection_breast2/Benign/000085.png,a photo of a benign tumor breast,a photo of a healthy breast
/home/woojye2020/decs_jupyter_lab/MedCLIP-SAMv2/UDIAT/Benign/000091.png,/home/woojye2020/decs_jupyter_lab/MedCLIP-SAMv2/generated_neg_output/udiat_vector_injection_breast2/Benign/000091.png,a photo of a benign tumor breast,a photo of a healthy breast
/home/woojye2020/decs_jupyter_lab/MedCLIP-SAMv2/UDIAT/Benign/000052.png,/home/woojye2020/decs_jupyter_lab/MedCLIP-SAMv2/generated_neg_output/udiat_vector_injection_breast2/Benign/000052.png,a photo of a benign tumor breast,a photo of a healthy breast
/home/woojye2020/decs_jupyter_lab/MedCLIP-SAMv2/UDIAT/Benign/000090.png,/home/woojye2020/decs_jupyter_lab/MedCLIP-SAMv2/generated_neg_output/udiat_vector_injection_breast2/Benign/000090.png,a photo of a benign tumor breast,a photo of a healthy breast
/home/woojye2020/decs_jupyter_lab/MedCLIP-SAMv2/UDIAT/Benign/000084.png,/home/woojye2020/decs_jupyter_lab/MedCLIP-SAMv2/generated_neg_output/udiat_vector_injection_breast2/Benign/000084.png,a photo of a benign tumor breast,a photo of a healthy breast
/home/woojye2020/decs_jupyter_lab/MedCLIP-SAMv2/UDIAT/Benign/000127.png,/home/woojye2020/decs_jupyter_lab/MedCLIP-SAMv2/generated_neg_output/udiat_vector_injection_breast2/Benign/000127.png,a photo of a benign tumor breast,a photo of a healthy breast
/home/woojye2020/decs_jupyter_lab/MedCLIP-SAMv2/UDIAT/Benign/000123.png,/home/woojye2020/decs_jupyter_lab/MedCLIP-SAMv2/generated_neg_output/udiat_vector_injection_breast2/Benign/000123.png,a photo of a benign tumor breast,a photo of a healthy breast
/home/woojye2020/decs_jupyter_lab/MedCLIP-SAMv2/UDIAT/Benign/000080.png,/home/woojye2020/decs_jupyter_lab/MedCLIP-SAMv2/generated_neg_output/udiat_vector_injection_breast2/Benign/000080.png,a photo of a benign tumor breast,a photo of a healthy breast
/home/woojye2020/decs_jupyter_lab/MedCLIP-SAMv2/UDIAT/Benign/000094.png,/home/woojye2020/decs_jupyter_lab/MedCLIP-SAMv2/generated_neg_output/udiat_vector_injection_breast2/Benign/000094.png,a photo of a benign tumor breast,a photo of a healthy breast
/home/woojye2020/decs_jupyter_lab/MedCLIP-SAMv2/UDIAT/Benign/000056.png,/home/woojye2020/decs_jupyter_lab/MedCLIP-SAMv2/generated_neg_output/udiat_vector_injection_breast2/Benign/000056.png,a photo of a benign tumor breast,a photo of a healthy breast
/home/woojye2020/decs_jupyter_lab/MedCLIP-SAMv2/UDIAT/Benign/000042.png,/home/woojye2020/decs_jupyter_lab/MedCLIP-SAMv2/generated_neg_output/udiat_vector_injection_breast2/Benign/000042.png,a photo of a benign tumor breast,a photo of a healthy breast
/home/woojye2020/decs_jupyter_lab/MedCLIP-SAMv2/UDIAT/Benign/000095.png,/home/woojye2020/decs_jupyter_lab/MedCLIP-SAMv2/generated_neg_output/udiat_vector_injection_breast2/Benign/000095.png,a photo of a benign tumor breast,a photo of a healthy breast
/home/woojye2020/decs_jupyter_lab/MedCLIP-SAMv2/UDIAT/Benign/000081.png,/home/woojye2020/decs_jupyter_lab/MedCLIP-SAMv2/generated_neg_output/udiat_vector_injection_breast2/Benign/000081.png,a photo of a benign tumor breast,a photo of a healthy breast
/home/woojye2020/decs_jupyter_lab/MedCLIP-SAMv2/UDIAT/Benign/000122.png,/home/woojye2020/decs_jupyter_lab/MedCLIP-SAMv2/generated_neg_output/udiat_vector_injection_breast2/Benign/000122.png,a photo of a benign tumor breast,a photo of a healthy breast
/home/woojye2020/decs_jupyter_lab/MedCLIP-SAMv2/UDIAT/Benign/000120.png,/home/woojye2020/decs_jupyter_lab/MedCLIP-SAMv2/generated_neg_output/udiat_vector_injection_breast2/Benign/000120.png,a photo of a benign tumor breast,a photo of a healthy breast
/home/woojye2020/decs_jupyter_lab/MedCLIP-SAMv2/UDIAT/Benign/000108.png,/home/woojye2020/decs_jupyter_lab/MedCLIP-SAMv2/generated_neg_output/udiat_vector_injection_breast2/Benign/000108.png,a photo of a benign tumor breast,a photo of a healthy breast
/home/woojye2020/decs_jupyter_lab/MedCLIP-SAMv2/UDIAT/Benign/000097.png,/home/woojye2020/decs_jupyter_lab/MedCLIP-SAMv2/generated_neg_output/udiat_vector_injection_breast2/Benign/000097.png,a photo of a benign tumor breast,a photo of a healthy breast
/home/woojye2020/decs_jupyter_lab/MedCLIP-SAMv2/UDIAT/Benign/000083.png,/home/woojye2020/decs_jupyter_lab/MedCLIP-SAMv2/generated_neg_output/udiat_vector_injection_breast2/Benign/000083.png,a photo of a benign tumor breast,a photo of a healthy breast
/home/woojye2020/decs_jupyter_lab/MedCLIP-SAMv2/UDIAT/Benign/000040.png,/home/woojye2020/decs_jupyter_lab/MedCLIP-SAMv2/generated_neg_output/udiat_vector_injection_breast2/Benign/000040.png,a photo of a benign tumor breast,a photo of a healthy breast
/home/woojye2020/decs_jupyter_lab/MedCLIP-SAMv2/UDIAT/Benign/000068.png,/home/woojye2020/decs_jupyter_lab/MedCLIP-SAMv2/generated_neg_output/udiat_vector_injection_breast2/Benign/000068.png,a photo of a benign tumor breast,a photo of a healthy breast
/home/woojye2020/decs_jupyter_lab/MedCLIP-SAMv2/UDIAT/Benign/000069.png,/home/woojye2020/decs_jupyter_lab/MedCLIP-SAMv2/generated_neg_output/udiat_vector_injection_breast2/Benign/000069.png,a photo of a benign tumor breast,a photo of a healthy breast
/home/woojye2020/decs_jupyter_lab/MedCLIP-SAMv2/UDIAT/Benign/000082.png,/home/woojye2020/decs_jupyter_lab/MedCLIP-SAMv2/generated_neg_output/udiat_vector_injection_breast2/Benign/000082.png,a photo of a benign tumor breast,a photo of a healthy breast
/home/woojye2020/decs_jupyter_lab/MedCLIP-SAMv2/UDIAT/Benign/000096.png,/home/woojye2020/decs_jupyter_lab/MedCLIP-SAMv2/generated_neg_output/udiat_vector_injection_breast2/Benign/000096.png,a photo of a benign tumor breast,a photo of a healthy breast
/home/woojye2020/decs_jupyter_lab/MedCLIP-SAMv2/UDIAT/Benign/000109.png,/home/woojye2020/decs_jupyter_lab/MedCLIP-SAMv2/generated_neg_output/udiat_vector_injection_breast2/Benign/000109.png,a photo of a benign tumor breast,a photo of a healthy breast
/home/woojye2020/decs_jupyter_lab/MedCLIP-SAMv2/UDIAT/Benign/000121.png,/home/woojye2020/decs_jupyter_lab/MedCLIP-SAMv2/generated_neg_output/udiat_vector_injection_breast2/Benign/000121.png,a photo of a benign tumor breast,a photo of a healthy breast
/home/woojye2020/decs_jupyter_lab/MedCLIP-SAMv2/UDIAT/Benign/000104.png,/home/woojye2020/decs_jupyter_lab/MedCLIP-SAMv2/generated_neg_output/udiat_vector_injection_breast2/Benign/000104.png,a photo of a benign tumor breast,a photo of a healthy breast
/home/woojye2020/decs_jupyter_lab/MedCLIP-SAMv2/UDIAT/Benign/000110.png,/home/woojye2020/decs_jupyter_lab/MedCLIP-SAMv2/generated_neg_output/udiat_vector_injection_breast2/Benign/000110.png,a photo of a benign tumor breast,a photo of a healthy breast
/home/woojye2020/decs_jupyter_lab/MedCLIP-SAMv2/UDIAT/Benign/000058.png,/home/woojye2020/decs_jupyter_lab/MedCLIP-SAMv2/generated_neg_output/udiat_vector_injection_breast2/Benign/000058.png,a photo of a benign tumor breast,a photo of a healthy breast
/home/woojye2020/decs_jupyter_lab/MedCLIP-SAMv2/UDIAT/Benign/000070.png,/home/woojye2020/decs_jupyter_lab/MedCLIP-SAMv2/generated_neg_output/udiat_vector_injection_breast2/Benign/000070.png,a photo of a benign tumor breast,a photo of a healthy breast
/home/woojye2020/decs_jupyter_lab/MedCLIP-SAMv2/UDIAT/Benign/000064.png,/home/woojye2020/decs_jupyter_lab/MedCLIP-SAMv2/generated_neg_output/udiat_vector_injection_breast2/Benign/000064.png,a photo of a benign tumor breast,a photo of a healthy breast
/home/woojye2020/decs_jupyter_lab/MedCLIP-SAMv2/UDIAT/Benign/000065.png,/home/woojye2020/decs_jupyter_lab/MedCLIP-SAMv2/generated_neg_output/udiat_vector_injection_breast2/Benign/000065.png,a photo of a benign tumor breast,a photo of a healthy breast
/home/woojye2020/decs_jupyter_lab/MedCLIP-SAMv2/UDIAT/Benign/000071.png,/home/woojye2020/decs_jupyter_lab/MedCLIP-SAMv2/generated_neg_output/udiat_vector_injection_breast2/Benign/000071.png,a photo of a benign tumor breast,a photo of a healthy breast
/home/woojye2020/decs_jupyter_lab/MedCLIP-SAMv2/UDIAT/Benign/000059.png,/home/woojye2020/decs_jupyter_lab/MedCLIP-SAMv2/generated_neg_output/udiat_vector_injection_breast2/Benign/000059.png,a photo of a benign tumor breast,a photo of a healthy breast
/home/woojye2020/decs_jupyter_lab/MedCLIP-SAMv2/UDIAT/Benign/000111.png,/home/woojye2020/decs_jupyter_lab/MedCLIP-SAMv2/generated_neg_output/udiat_vector_injection_breast2/Benign/000111.png,a photo of a benign tumor breast,a photo of a healthy breast
/home/woojye2020/decs_jupyter_lab/MedCLIP-SAMv2/UDIAT/Benign/000105.png,/home/woojye2020/decs_jupyter_lab/MedCLIP-SAMv2/generated_neg_output/udiat_vector_injection_breast2/Benign/000105.png,a photo of a benign tumor breast,a photo of a healthy breast
/home/woojye2020/decs_jupyter_lab/MedCLIP-SAMv2/UDIAT/Benign/000113.png,/home/woojye2020/decs_jupyter_lab/MedCLIP-SAMv2/generated_neg_output/udiat_vector_injection_breast2/Benign/000113.png,a photo of a benign tumor breast,a photo of a healthy breast
/home/woojye2020/decs_jupyter_lab/MedCLIP-SAMv2/UDIAT/Benign/000107.png,/home/woojye2020/decs_jupyter_lab/MedCLIP-SAMv2/generated_neg_output/udiat_vector_injection_breast2/Benign/000107.png,a photo of a benign tumor breast,a photo of a healthy breast
/home/woojye2020/decs_jupyter_lab/MedCLIP-SAMv2/UDIAT/Benign/000098.png,/home/woojye2020/decs_jupyter_lab/MedCLIP-SAMv2/generated_neg_output/udiat_vector_injection_breast2/Benign/000098.png,a photo of a benign tumor breast,a photo of a healthy breast
/home/woojye2020/decs_jupyter_lab/MedCLIP-SAMv2/UDIAT/Benign/000067.png,/home/woojye2020/decs_jupyter_lab/MedCLIP-SAMv2/generated_neg_output/udiat_vector_injection_breast2/Benign/000067.png,a photo of a benign tumor breast,a photo of a healthy breast
/home/woojye2020/decs_jupyter_lab/MedCLIP-SAMv2/UDIAT/Benign/000073.png,/home/woojye2020/decs_jupyter_lab/MedCLIP-SAMv2/generated_neg_output/udiat_vector_injection_breast2/Benign/000073.png,a photo of a benign tumor breast,a photo of a healthy breast
/home/woojye2020/decs_jupyter_lab/MedCLIP-SAMv2/UDIAT/Benign/000072.png,/home/woojye2020/decs_jupyter_lab/MedCLIP-SAMv2/generated_neg_output/udiat_vector_injection_breast2/Benign/000072.png,a photo of a benign tumor breast,a photo of a healthy breast
/home/woojye2020/decs_jupyter_lab/MedCLIP-SAMv2/UDIAT/Benign/000066.png,/home/woojye2020/decs_jupyter_lab/MedCLIP-SAMv2/generated_neg_output/udiat_vector_injection_breast2/Benign/000066.png,a photo of a benign tumor breast,a photo of a healthy breast
/home/woojye2020/decs_jupyter_lab/MedCLIP-SAMv2/UDIAT/Benign/000099.png,/home/woojye2020/decs_jupyter_lab/MedCLIP-SAMv2/generated_neg_output/udiat_vector_injection_breast2/Benign/000099.png,a photo of a benign tumor breast,a photo of a healthy breast
/home/woojye2020/decs_jupyter_lab/MedCLIP-SAMv2/UDIAT/Benign/000106.png,/home/woojye2020/decs_jupyter_lab/MedCLIP-SAMv2/generated_neg_output/udiat_vector_injection_breast2/Benign/000106.png,a photo of a benign tumor breast,a photo of a healthy breast
/home/woojye2020/decs_jupyter_lab/MedCLIP-SAMv2/UDIAT/Benign/000112.png,/home/woojye2020/decs_jupyter_lab/MedCLIP-SAMv2/generated_neg_output/udiat_vector_injection_breast2/Benign/000112.png,a photo of a benign tumor breast,a photo of a healthy breast
/home/woojye2020/decs_jupyter_lab/MedCLIP-SAMv2/UDIAT/Benign/000116.png,/home/woojye2020/decs_jupyter_lab/MedCLIP-SAMv2/generated_neg_output/udiat_vector_injection_breast2/Benign/000116.png,a photo of a benign tumor breast,a photo of a healthy breast
/home/woojye2020/decs_jupyter_lab/MedCLIP-SAMv2/UDIAT/Benign/000102.png,/home/woojye2020/decs_jupyter_lab/MedCLIP-SAMv2/generated_neg_output/udiat_vector_injection_breast2/Benign/000102.png,a photo of a benign tumor breast,a photo of a healthy breast
/home/woojye2020/decs_jupyter_lab/MedCLIP-SAMv2/UDIAT/Benign/000089.png,/home/woojye2020/decs_jupyter_lab/MedCLIP-SAMv2/generated_neg_output/udiat_vector_injection_breast2/Benign/000089.png,a photo of a benign tumor breast,a photo of a healthy breast
/home/woojye2020/decs_jupyter_lab/MedCLIP-SAMv2/UDIAT/Benign/000062.png,/home/woojye2020/decs_jupyter_lab/MedCLIP-SAMv2/generated_neg_output/udiat_vector_injection_breast2/Benign/000062.png,a photo of a benign tumor breast,a photo of a healthy breast
/home/woojye2020/decs_jupyter_lab/MedCLIP-SAMv2/UDIAT/Benign/000076.png,/home/woojye2020/decs_jupyter_lab/MedCLIP-SAMv2/generated_neg_output/udiat_vector_injection_breast2/Benign/000076.png,a photo of a benign tumor breast,a photo of a healthy breast
/home/woojye2020/decs_jupyter_lab/MedCLIP-SAMv2/UDIAT/Benign/000077.png,/home/woojye2020/decs_jupyter_lab/MedCLIP-SAMv2/generated_neg_output/udiat_vector_injection_breast2/Benign/000077.png,a photo of a benign tumor breast,a photo of a healthy breast
/home/woojye2020/decs_jupyter_lab/MedCLIP-SAMv2/UDIAT/Benign/000063.png,/home/woojye2020/decs_jupyter_lab/MedCLIP-SAMv2/generated_neg_output/udiat_vector_injection_breast2/Benign/000063.png,a photo of a benign tumor breast,a photo of a healthy breast
/home/woojye2020/decs_jupyter_lab/MedCLIP-SAMv2/UDIAT/Benign/000088.png,/home/woojye2020/decs_jupyter_lab/MedCLIP-SAMv2/generated_neg_output/udiat_vector_injection_breast2/Benign/000088.png,a photo of a benign tumor breast,a photo of a healthy breast
/home/woojye2020/decs_jupyter_lab/MedCLIP-SAMv2/UDIAT/Benign/000103.png,/home/woojye2020/decs_jupyter_lab/MedCLIP-SAMv2/generated_neg_output/udiat_vector_injection_breast2/Benign/000103.png,a photo of a benign tumor breast,a photo of a healthy breast
/home/woojye2020/decs_jupyter_lab/MedCLIP-SAMv2/UDIAT/Benign/000117.png,/home/woojye2020/decs_jupyter_lab/MedCLIP-SAMv2/generated_neg_output/udiat_vector_injection_breast2/Benign/000117.png,a photo of a benign tumor breast,a photo of a healthy breast
/home/woojye2020/decs_jupyter_lab/MedCLIP-SAMv2/UDIAT/Benign/000101.png,/home/woojye2020/decs_jupyter_lab/MedCLIP-SAMv2/generated_neg_output/udiat_vector_injection_breast2/Benign/000101.png,a photo of a benign tumor breast,a photo of a healthy breast
/home/woojye2020/decs_jupyter_lab/MedCLIP-SAMv2/UDIAT/Benign/000115.png,/home/woojye2020/decs_jupyter_lab/MedCLIP-SAMv2/generated_neg_output/udiat_vector_injection_breast2/Benign/000115.png,a photo of a benign tumor breast,a photo of a healthy breast
/home/woojye2020/decs_jupyter_lab/MedCLIP-SAMv2/UDIAT/Benign/000129.png,/home/woojye2020/decs_jupyter_lab/MedCLIP-SAMv2/generated_neg_output/udiat_vector_injection_breast2/Benign/000129.png,a photo of a benign tumor breast,a photo of a healthy breast
/home/woojye2020/decs_jupyter_lab/MedCLIP-SAMv2/UDIAT/Benign/000075.png,/home/woojye2020/decs_jupyter_lab/MedCLIP-SAMv2/generated_neg_output/udiat_vector_injection_breast2/Benign/000075.png,a photo of a benign tumor breast,a photo of a healthy breast
/home/woojye2020/decs_jupyter_lab/MedCLIP-SAMv2/UDIAT/Benign/000061.png,/home/woojye2020/decs_jupyter_lab/MedCLIP-SAMv2/generated_neg_output/udiat_vector_injection_breast2/Benign/000061.png,a photo of a benign tumor breast,a photo of a healthy breast
/home/woojye2020/decs_jupyter_lab/MedCLIP-SAMv2/UDIAT/Benign/000060.png,/home/woojye2020/decs_jupyter_lab/MedCLIP-SAMv2/generated_neg_output/udiat_vector_injection_breast2/Benign/000060.png,a photo of a benign tumor breast,a photo of a healthy breast
/home/woojye2020/decs_jupyter_lab/MedCLIP-SAMv2/UDIAT/Benign/000074.png,/home/woojye2020/decs_jupyter_lab/MedCLIP-SAMv2/generated_neg_output/udiat_vector_injection_breast2/Benign/000074.png,a photo of a benign tumor breast,a photo of a healthy breast
/home/woojye2020/decs_jupyter_lab/MedCLIP-SAMv2/UDIAT/Benign/000128.png,/home/woojye2020/decs_jupyter_lab/MedCLIP-SAMv2/generated_neg_output/udiat_vector_injection_breast2/Benign/000128.png,a photo of a benign tumor breast,a photo of a healthy breast
/home/woojye2020/decs_jupyter_lab/MedCLIP-SAMv2/UDIAT/Benign/000114.png,/home/woojye2020/decs_jupyter_lab/MedCLIP-SAMv2/generated_neg_output/udiat_vector_injection_breast2/Benign/000114.png,a photo of a benign tumor breast,a photo of a healthy breast
/home/woojye2020/decs_jupyter_lab/MedCLIP-SAMv2/UDIAT/Benign/000100.png,/home/woojye2020/decs_jupyter_lab/MedCLIP-SAMv2/generated_neg_output/udiat_vector_injection_breast2/Benign/000100.png,a photo of a benign tumor breast,a photo of a healthy breast
/home/woojye2020/decs_jupyter_lab/MedCLIP-SAMv2/UDIAT/Benign/000013.png,/home/woojye2020/decs_jupyter_lab/MedCLIP-SAMv2/generated_neg_output/udiat_vector_injection_breast2/Benign/000013.png,a photo of a benign tumor breast,a photo of a healthy breast
/home/woojye2020/decs_jupyter_lab/MedCLIP-SAMv2/UDIAT/Benign/000007.png,/home/woojye2020/decs_jupyter_lab/MedCLIP-SAMv2/generated_neg_output/udiat_vector_injection_breast2/Benign/000007.png,a photo of a benign tumor breast,a photo of a healthy breast
/home/woojye2020/decs_jupyter_lab/MedCLIP-SAMv2/UDIAT/Benign/000006.png,/home/woojye2020/decs_jupyter_lab/MedCLIP-SAMv2/generated_neg_output/udiat_vector_injection_breast2/Benign/000006.png,a photo of a benign tumor breast,a photo of a healthy breast
/home/woojye2020/decs_jupyter_lab/MedCLIP-SAMv2/UDIAT/Benign/000012.png,/home/woojye2020/decs_jupyter_lab/MedCLIP-SAMv2/generated_neg_output/udiat_vector_injection_breast2/Benign/000012.png,a photo of a benign tumor breast,a photo of a healthy breast
/home/woojye2020/decs_jupyter_lab/MedCLIP-SAMv2/UDIAT/Benign/000038.png,/home/woojye2020/decs_jupyter_lab/MedCLIP-SAMv2/generated_neg_output/udiat_vector_injection_breast2/Benign/000038.png,a photo of a benign tumor breast,a photo of a healthy breast
/home/woojye2020/decs_jupyter_lab/MedCLIP-SAMv2/UDIAT/Benign/000004.png,/home/woojye2020/decs_jupyter_lab/MedCLIP-SAMv2/generated_neg_output/udiat_vector_injection_breast2/Benign/000004.png,a photo of a benign tumor breast,a photo of a healthy breast
/home/woojye2020/decs_jupyter_lab/MedCLIP-SAMv2/UDIAT/Benign/000010.png,/home/woojye2020/decs_jupyter_lab/MedCLIP-SAMv2/generated_neg_output/udiat_vector_injection_breast2/Benign/000010.png,a photo of a benign tumor breast,a photo of a healthy breast
/home/woojye2020/decs_jupyter_lab/MedCLIP-SAMv2/UDIAT/Benign/000011.png,/home/woojye2020/decs_jupyter_lab/MedCLIP-SAMv2/generated_neg_output/udiat_vector_injection_breast2/Benign/000011.png,a photo of a benign tumor breast,a photo of a healthy breast
/home/woojye2020/decs_jupyter_lab/MedCLIP-SAMv2/UDIAT/Benign/000005.png,/home/woojye2020/decs_jupyter_lab/MedCLIP-SAMv2/generated_neg_output/udiat_vector_injection_breast2/Benign/000005.png,a photo of a benign tumor breast,a photo of a healthy breast
/home/woojye2020/decs_jupyter_lab/MedCLIP-SAMv2/UDIAT/Benign/000039.png,/home/woojye2020/decs_jupyter_lab/MedCLIP-SAMv2/generated_neg_output/udiat_vector_injection_breast2/Benign/000039.png,a photo of a benign tumor breast,a photo of a healthy breast
/home/woojye2020/decs_jupyter_lab/MedCLIP-SAMv2/UDIAT/Benign/000001.png,/home/woojye2020/decs_jupyter_lab/MedCLIP-SAMv2/generated_neg_output/udiat_vector_injection_breast2/Benign/000001.png,a photo of a benign tumor breast,a photo of a healthy breast
/home/woojye2020/decs_jupyter_lab/MedCLIP-SAMv2/UDIAT/Benign/000015.png,/home/woojye2020/decs_jupyter_lab/MedCLIP-SAMv2/generated_neg_output/udiat_vector_injection_breast2/Benign/000015.png,a photo of a benign tumor breast,a photo of a healthy breast
/home/woojye2020/decs_jupyter_lab/MedCLIP-SAMv2/UDIAT/Benign/000014.png,/home/woojye2020/decs_jupyter_lab/MedCLIP-SAMv2/generated_neg_output/udiat_vector_injection_breast2/Benign/000014.png,a photo of a benign tumor breast,a photo of a healthy breast
/home/woojye2020/decs_jupyter_lab/MedCLIP-SAMv2/UDIAT/Benign/000016.png,/home/woojye2020/decs_jupyter_lab/MedCLIP-SAMv2/generated_neg_output/udiat_vector_injection_breast2/Benign/000016.png,a photo of a benign tumor breast,a photo of a healthy breast
/home/woojye2020/decs_jupyter_lab/MedCLIP-SAMv2/UDIAT/Benign/000002.png,/home/woojye2020/decs_jupyter_lab/MedCLIP-SAMv2/generated_neg_output/udiat_vector_injection_breast2/Benign/000002.png,a photo of a benign tumor breast,a photo of a healthy breast
/home/woojye2020/decs_jupyter_lab/MedCLIP-SAMv2/UDIAT/Benign/000003.png,/home/woojye2020/decs_jupyter_lab/MedCLIP-SAMv2/generated_neg_output/udiat_vector_injection_breast2/Benign/000003.png,a photo of a benign tumor breast,a photo of a healthy breast
/home/woojye2020/decs_jupyter_lab/MedCLIP-SAMv2/UDIAT/Benign/000017.png,/home/woojye2020/decs_jupyter_lab/MedCLIP-SAMv2/generated_neg_output/udiat_vector_injection_breast2/Benign/000017.png,a photo of a benign tumor breast,a photo of a healthy breast
/home/woojye2020/decs_jupyter_lab/MedCLIP-SAMv2/UDIAT/Malignant/000146.png,/home/woojye2020/decs_jupyter_lab/MedCLIP-SAMv2/generated_neg_output/udiat_vector_injection_breast2/Malignant/000146.png,a photo of a malignant tumor breast,a photo of a healthy breast
/home/woojye2020/decs_jupyter_lab/MedCLIP-SAMv2/UDIAT/Malignant/000027.png,/home/woojye2020/decs_jupyter_lab/MedCLIP-SAMv2/generated_neg_output/udiat_vector_injection_breast2/Malignant/000027.png,a photo of a malignant tumor breast,a photo of a healthy breast
/home/woojye2020/decs_jupyter_lab/MedCLIP-SAMv2/UDIAT/Malignant/000147.png,/home/woojye2020/decs_jupyter_lab/MedCLIP-SAMv2/generated_neg_output/udiat_vector_injection_breast2/Malignant/000147.png,a photo of a malignant tumor breast,a photo of a healthy breast
/home/woojye2020/decs_jupyter_lab/MedCLIP-SAMv2/UDIAT/Malignant/000145.png,/home/woojye2020/decs_jupyter_lab/MedCLIP-SAMv2/generated_neg_output/udiat_vector_injection_breast2/Malignant/000145.png,a photo of a malignant tumor breast,a photo of a healthy breast
/home/woojye2020/decs_jupyter_lab/MedCLIP-SAMv2/UDIAT/Malignant/000025.png,/home/woojye2020/decs_jupyter_lab/MedCLIP-SAMv2/generated_neg_output/udiat_vector_injection_breast2/Malignant/000025.png,a photo of a malignant tumor breast,a photo of a healthy breast
/home/woojye2020/decs_jupyter_lab/MedCLIP-SAMv2/UDIAT/Malignant/000031.png,/home/woojye2020/decs_jupyter_lab/MedCLIP-SAMv2/generated_neg_output/udiat_vector_injection_breast2/Malignant/000031.png,a photo of a malignant tumor breast,a photo of a healthy breast
/home/woojye2020/decs_jupyter_lab/MedCLIP-SAMv2/UDIAT/Malignant/000030.png,/home/woojye2020/decs_jupyter_lab/MedCLIP-SAMv2/generated_neg_output/udiat_vector_injection_breast2/Malignant/000030.png,a photo of a malignant tumor breast,a photo of a healthy breast
/home/woojye2020/decs_jupyter_lab/MedCLIP-SAMv2/UDIAT/Malignant/000024.png,/home/woojye2020/decs_jupyter_lab/MedCLIP-SAMv2/generated_neg_output/udiat_vector_injection_breast2/Malignant/000024.png,a photo of a malignant tumor breast,a photo of a healthy breast
/home/woojye2020/decs_jupyter_lab/MedCLIP-SAMv2/UDIAT/Malignant/000018.png,/home/woojye2020/decs_jupyter_lab/MedCLIP-SAMv2/generated_neg_output/udiat_vector_injection_breast2/Malignant/000018.png,a photo of a malignant tumor breast,a photo of a healthy breast
/home/woojye2020/decs_jupyter_lab/MedCLIP-SAMv2/UDIAT/Malignant/000144.png,/home/woojye2020/decs_jupyter_lab/MedCLIP-SAMv2/generated_neg_output/udiat_vector_injection_breast2/Malignant/000144.png,a photo of a malignant tumor breast,a photo of a healthy breast
/home/woojye2020/decs_jupyter_lab/MedCLIP-SAMv2/UDIAT/Malignant/000140.png,/home/woojye2020/decs_jupyter_lab/MedCLIP-SAMv2/generated_neg_output/udiat_vector_injection_breast2/Malignant/000140.png,a photo of a malignant tumor breast,a photo of a healthy breast
/home/woojye2020/decs_jupyter_lab/MedCLIP-SAMv2/UDIAT/Malignant/000141.png,/home/woojye2020/decs_jupyter_lab/MedCLIP-SAMv2/generated_neg_output/udiat_vector_injection_breast2/Malignant/000141.png,a photo of a malignant tumor breast,a photo of a healthy breast
/home/woojye2020/decs_jupyter_lab/MedCLIP-SAMv2/UDIAT/Malignant/000143.png,/home/woojye2020/decs_jupyter_lab/MedCLIP-SAMv2/generated_neg_output/udiat_vector_injection_breast2/Malignant/000143.png,a photo of a malignant tumor breast,a photo of a healthy breast
/home/woojye2020/decs_jupyter_lab/MedCLIP-SAMv2/UDIAT/Malignant/000023.png,/home/woojye2020/decs_jupyter_lab/MedCLIP-SAMv2/generated_neg_output/udiat_vector_injection_breast2/Malignant/000023.png,a photo of a malignant tumor breast,a photo of a healthy breast
/home/woojye2020/decs_jupyter_lab/MedCLIP-SAMv2/UDIAT/Malignant/000142.png,/home/woojye2020/decs_jupyter_lab/MedCLIP-SAMv2/generated_neg_output/udiat_vector_injection_breast2/Malignant/000142.png,a photo of a malignant tumor breast,a photo of a healthy breast
/home/woojye2020/decs_jupyter_lab/MedCLIP-SAMv2/UDIAT/Malignant/000045.png,/home/woojye2020/decs_jupyter_lab/MedCLIP-SAMv2/generated_neg_output/udiat_vector_injection_breast2/Malignant/000045.png,a photo of a malignant tumor breast,a photo of a healthy breast
/home/woojye2020/decs_jupyter_lab/MedCLIP-SAMv2/UDIAT/Malignant/000044.png,/home/woojye2020/decs_jupyter_lab/MedCLIP-SAMv2/generated_neg_output/udiat_vector_injection_breast2/Malignant/000044.png,a photo of a malignant tumor breast,a photo of a healthy breast
/home/woojye2020/decs_jupyter_lab/MedCLIP-SAMv2/UDIAT/Malignant/000050.png,/home/woojye2020/decs_jupyter_lab/MedCLIP-SAMv2/generated_neg_output/udiat_vector_injection_breast2/Malignant/000050.png,a photo of a malignant tumor breast,a photo of a healthy breast
/home/woojye2020/decs_jupyter_lab/MedCLIP-SAMv2/UDIAT/Malignant/000132.png,/home/woojye2020/decs_jupyter_lab/MedCLIP-SAMv2/generated_neg_output/udiat_vector_injection_breast2/Malignant/000132.png,a photo of a malignant tumor breast,a photo of a healthy breast
/home/woojye2020/decs_jupyter_lab/MedCLIP-SAMv2/UDIAT/Malignant/000046.png,/home/woojye2020/decs_jupyter_lab/MedCLIP-SAMv2/generated_neg_output/udiat_vector_injection_breast2/Malignant/000046.png,a photo of a malignant tumor breast,a photo of a healthy breast
/home/woojye2020/decs_jupyter_lab/MedCLIP-SAMv2/UDIAT/Malignant/000053.png,/home/woojye2020/decs_jupyter_lab/MedCLIP-SAMv2/generated_neg_output/udiat_vector_injection_breast2/Malignant/000053.png,a photo of a malignant tumor breast,a photo of a healthy breast
/home/woojye2020/decs_jupyter_lab/MedCLIP-SAMv2/UDIAT/Malignant/000047.png,/home/woojye2020/decs_jupyter_lab/MedCLIP-SAMv2/generated_neg_output/udiat_vector_injection_breast2/Malignant/000047.png,a photo of a malignant tumor breast,a photo of a healthy breast
/home/woojye2020/decs_jupyter_lab/MedCLIP-SAMv2/UDIAT/Malignant/000133.png,/home/woojye2020/decs_jupyter_lab/MedCLIP-SAMv2/generated_neg_output/udiat_vector_injection_breast2/Malignant/000133.png,a photo of a malignant tumor breast,a photo of a healthy breast
/home/woojye2020/decs_jupyter_lab/MedCLIP-SAMv2/UDIAT/Malignant/000309.png,/home/woojye2020/decs_jupyter_lab/MedCLIP-SAMv2/generated_neg_output/udiat_vector_injection_breast2/Malignant/000309.png,a photo of a malignant tumor breast,a photo of a healthy breast
/home/woojye2020/decs_jupyter_lab/MedCLIP-SAMv2/UDIAT/Malignant/000137.png,/home/woojye2020/decs_jupyter_lab/MedCLIP-SAMv2/generated_neg_output/udiat_vector_injection_breast2/Malignant/000137.png,a photo of a malignant tumor breast,a photo of a healthy breast
/home/woojye2020/decs_jupyter_lab/MedCLIP-SAMv2/UDIAT/Malignant/000043.png,/home/woojye2020/decs_jupyter_lab/MedCLIP-SAMv2/generated_neg_output/udiat_vector_injection_breast2/Malignant/000043.png,a photo of a malignant tumor breast,a photo of a healthy breast
/home/woojye2020/decs_jupyter_lab/MedCLIP-SAMv2/UDIAT/Malignant/000057.png,/home/woojye2020/decs_jupyter_lab/MedCLIP-SAMv2/generated_neg_output/udiat_vector_injection_breast2/Malignant/000057.png,a photo of a malignant tumor breast,a photo of a healthy breast
/home/woojye2020/decs_jupyter_lab/MedCLIP-SAMv2/UDIAT/Malignant/000296.png,/home/woojye2020/decs_jupyter_lab/MedCLIP-SAMv2/generated_neg_output/udiat_vector_injection_breast2/Malignant/000296.png,a photo of a malignant tumor breast,a photo of a healthy breast
/home/woojye2020/decs_jupyter_lab/MedCLIP-SAMv2/UDIAT/Malignant/000297.png,/home/woojye2020/decs_jupyter_lab/MedCLIP-SAMv2/generated_neg_output/udiat_vector_injection_breast2/Malignant/000297.png,a photo of a malignant tumor breast,a photo of a healthy breast
/home/woojye2020/decs_jupyter_lab/MedCLIP-SAMv2/UDIAT/Malignant/000136.png,/home/woojye2020/decs_jupyter_lab/MedCLIP-SAMv2/generated_neg_output/udiat_vector_injection_breast2/Malignant/000136.png,a photo of a malignant tumor breast,a photo of a healthy breast
/home/woojye2020/decs_jupyter_lab/MedCLIP-SAMv2/UDIAT/Malignant/000308.png,/home/woojye2020/decs_jupyter_lab/MedCLIP-SAMv2/generated_neg_output/udiat_vector_injection_breast2/Malignant/000308.png,a photo of a malignant tumor breast,a photo of a healthy breast
/home/woojye2020/decs_jupyter_lab/MedCLIP-SAMv2/UDIAT/Malignant/000134.png,/home/woojye2020/decs_jupyter_lab/MedCLIP-SAMv2/generated_neg_output/udiat_vector_injection_breast2/Malignant/000134.png,a photo of a malignant tumor breast,a photo of a healthy breast
/home/woojye2020/decs_jupyter_lab/MedCLIP-SAMv2/UDIAT/Malignant/000054.png,/home/woojye2020/decs_jupyter_lab/MedCLIP-SAMv2/generated_neg_output/udiat_vector_injection_breast2/Malignant/000054.png,a photo of a malignant tumor breast,a photo of a healthy breast
/home/woojye2020/decs_jupyter_lab/MedCLIP-SAMv2/UDIAT/Malignant/000295.png,/home/woojye2020/decs_jupyter_lab/MedCLIP-SAMv2/generated_neg_output/udiat_vector_injection_breast2/Malignant/000295.png,a photo of a malignant tumor breast,a photo of a healthy breast
/home/woojye2020/decs_jupyter_lab/MedCLIP-SAMv2/UDIAT/Malignant/000041.png,/home/woojye2020/decs_jupyter_lab/MedCLIP-SAMv2/generated_neg_output/udiat_vector_injection_breast2/Malignant/000041.png,a photo of a malignant tumor breast,a photo of a healthy breast
/home/woojye2020/decs_jupyter_lab/MedCLIP-SAMv2/UDIAT/Malignant/000055.png,/home/woojye2020/decs_jupyter_lab/MedCLIP-SAMv2/generated_neg_output/udiat_vector_injection_breast2/Malignant/000055.png,a photo of a malignant tumor breast,a photo of a healthy breast
/home/woojye2020/decs_jupyter_lab/MedCLIP-SAMv2/UDIAT/Malignant/000135.png,/home/woojye2020/decs_jupyter_lab/MedCLIP-SAMv2/generated_neg_output/udiat_vector_injection_breast2/Malignant/000135.png,a photo of a malignant tumor breast,a photo of a healthy breast
/home/woojye2020/decs_jupyter_lab/MedCLIP-SAMv2/UDIAT/Malignant/000306.png,/home/woojye2020/decs_jupyter_lab/MedCLIP-SAMv2/generated_neg_output/udiat_vector_injection_breast2/Malignant/000306.png,a photo of a malignant tumor breast,a photo of a healthy breast
/home/woojye2020/decs_jupyter_lab/MedCLIP-SAMv2/UDIAT/Malignant/000138.png,/home/woojye2020/decs_jupyter_lab/MedCLIP-SAMv2/generated_neg_output/udiat_vector_injection_breast2/Malignant/000138.png,a photo of a malignant tumor breast,a photo of a healthy breast
/home/woojye2020/decs_jupyter_lab/MedCLIP-SAMv2/UDIAT/Malignant/000299.png,/home/woojye2020/decs_jupyter_lab/MedCLIP-SAMv2/generated_neg_output/udiat_vector_injection_breast2/Malignant/000299.png,a photo of a malignant tumor breast,a photo of a healthy breast
/home/woojye2020/decs_jupyter_lab/MedCLIP-SAMv2/UDIAT/Malignant/000298.png,/home/woojye2020/decs_jupyter_lab/MedCLIP-SAMv2/generated_neg_output/udiat_vector_injection_breast2/Malignant/000298.png,a photo of a malignant tumor breast,a photo of a healthy breast
/home/woojye2020/decs_jupyter_lab/MedCLIP-SAMv2/UDIAT/Malignant/000139.png,/home/woojye2020/decs_jupyter_lab/MedCLIP-SAMv2/generated_neg_output/udiat_vector_injection_breast2/Malignant/000139.png,a photo of a malignant tumor breast,a photo of a healthy breast
/home/woojye2020/decs_jupyter_lab/MedCLIP-SAMv2/UDIAT/Malignant/000307.png,/home/woojye2020/decs_jupyter_lab/MedCLIP-SAMv2/generated_neg_output/udiat_vector_injection_breast2/Malignant/000307.png,a photo of a malignant tumor breast,a photo of a healthy breast
/home/woojye2020/decs_jupyter_lab/MedCLIP-SAMv2/UDIAT/Malignant/000305.png,/home/woojye2020/decs_jupyter_lab/MedCLIP-SAMv2/generated_neg_output/udiat_vector_injection_breast2/Malignant/000305.png,a photo of a malignant tumor breast,a photo of a healthy breast
/home/woojye2020/decs_jupyter_lab/MedCLIP-SAMv2/UDIAT/Malignant/000304.png,/home/woojye2020/decs_jupyter_lab/MedCLIP-SAMv2/generated_neg_output/udiat_vector_injection_breast2/Malignant/000304.png,a photo of a malignant tumor breast,a photo of a healthy breast
/home/woojye2020/decs_jupyter_lab/MedCLIP-SAMv2/UDIAT/Malignant/000310.png,/home/woojye2020/decs_jupyter_lab/MedCLIP-SAMv2/generated_neg_output/udiat_vector_injection_breast2/Malignant/000310.png,a photo of a malignant tumor breast,a photo of a healthy breast
/home/woojye2020/decs_jupyter_lab/MedCLIP-SAMv2/UDIAT/Malignant/000300.png,/home/woojye2020/decs_jupyter_lab/MedCLIP-SAMv2/generated_neg_output/udiat_vector_injection_breast2/Malignant/000300.png,a photo of a malignant tumor breast,a photo of a healthy breast
/home/woojye2020/decs_jupyter_lab/MedCLIP-SAMv2/UDIAT/Malignant/000301.png,/home/woojye2020/decs_jupyter_lab/MedCLIP-SAMv2/generated_neg_output/udiat_vector_injection_breast2/Malignant/000301.png,a photo of a malignant tumor breast,a photo of a healthy breast
/home/woojye2020/decs_jupyter_lab/MedCLIP-SAMv2/UDIAT/Malignant/000303.png,/home/woojye2020/decs_jupyter_lab/MedCLIP-SAMv2/generated_neg_output/udiat_vector_injection_breast2/Malignant/000303.png,a photo of a malignant tumor breast,a photo of a healthy breast
/home/woojye2020/decs_jupyter_lab/MedCLIP-SAMv2/UDIAT/Malignant/000049.png,/home/woojye2020/decs_jupyter_lab/MedCLIP-SAMv2/generated_neg_output/udiat_vector_injection_breast2/Malignant/000049.png,a photo of a malignant tumor breast,a photo of a healthy breast
/home/woojye2020/decs_jupyter_lab/MedCLIP-SAMv2/UDIAT/Malignant/000048.png,/home/woojye2020/decs_jupyter_lab/MedCLIP-SAMv2/generated_neg_output/udiat_vector_injection_breast2/Malignant/000048.png,a photo of a malignant tumor breast,a photo of a healthy breast
/home/woojye2020/decs_jupyter_lab/MedCLIP-SAMv2/UDIAT/Malignant/000302.png,/home/woojye2020/decs_jupyter_lab/MedCLIP-SAMv2/generated_neg_output/udiat_vector_injection_breast2/Malignant/000302.png,a photo of a malignant tumor breast,a photo of a healthy breast
/home/woojye2020/decs_jupyter_lab/MedCLIP-SAMv2/UDIAT/Malignant/000029.png,/home/woojye2020/decs_jupyter_lab/MedCLIP-SAMv2/generated_neg_output/udiat_vector_injection_breast2/Malignant/000029.png,a photo of a malignant tumor breast,a photo of a healthy breast
/home/woojye2020/decs_jupyter_lab/MedCLIP-SAMv2/UDIAT/Malignant/000028.png,/home/woojye2020/decs_jupyter_lab/MedCLIP-SAMv2/generated_neg_output/udiat_vector_injection_breast2/Malignant/000028.png,a photo of a malignant tumor breast,a photo of a healthy breast
