filename,filename_neg,Caption,Caption_neg
/home/woojye2020/decs_jupyter_lab/MedCLIP-SAMv2/UDIAT2/test_images/000001.png,/home/woojye2020/decs_jupyter_lab/MedCLIP-SAMv2/generated_neg_output/udiat_clip_image2prompt_closedform/000001.png,A mammogram displaying a smoothly contoured mass suggestive of a benign breast tumor.,A breast mammogram displaying normal breast structures with no signs of disease or masses.
/home/woojye2020/decs_jupyter_lab/MedCLIP-SAMv2/UDIAT2/test_images/000002.png,/home/woojye2020/decs_jupyter_lab/MedCLIP-SAMv2/generated_neg_output/udiat_clip_image2prompt_closedform/000002.png,"A medical breast mammogram showing a well-defined, round mass suggestive of a benign breast tumor.","A breast imaging scan displaying normal, well-distributed breast tissue with no evidence of masses or tumors."
/home/woojye2020/decs_jupyter_lab/MedCLIP-SAMv2/UDIAT2/test_images/000003.png,/home/woojye2020/decs_jupyter_lab/MedCLIP-SAMv2/generated_neg_output/udiat_clip_image2prompt_closedform/000003.png,"A breast imaging scan showing a well-circumscribed, smooth mass indicative of a benign breast tumor.","A mammogram showing no abnormalities in the breast tissue, suggestive of a normal, healthy breast."
/home/woojye2020/decs_jupyter_lab/MedCLIP-SAMv2/UDIAT2/test_images/000004.png,/home/woojye2020/decs_jupyter_lab/MedCLIP-SAMv2/generated_neg_output/udiat_clip_image2prompt_closedform/000004.png,"A mammogram showing a sharply marginated, round mass suggestive of a benign breast tumor.",A breast mammogram displaying normal breast structures with no signs of disease or masses.
/home/woojye2020/decs_jupyter_lab/MedCLIP-SAMv2/UDIAT2/test_images/000005.png,/home/woojye2020/decs_jupyter_lab/MedCLIP-SAMv2/generated_neg_output/udiat_clip_image2prompt_closedform/000005.png,"A breast scan showing a smooth, encapsulated mass likely representing a benign breast tumor.",A breast mammogram displaying normal breast structures with no signs of disease or masses.
/home/woojye2020/decs_jupyter_lab/MedCLIP-SAMv2/UDIAT2/test_images/000006.png,/home/woojye2020/decs_jupyter_lab/MedCLIP-SAMv2/generated_neg_output/udiat_clip_image2prompt_closedform/000006.png,"A medical breast mammogram detecting a non-aggressive, well-defined mass characteristic of a benign tumor.","A mammogram revealing normal breast tissue with no visible masses, calcifications, or distortions."
/home/woojye2020/decs_jupyter_lab/MedCLIP-SAMv2/UDIAT2/test_images/000007.png,/home/woojye2020/decs_jupyter_lab/MedCLIP-SAMv2/generated_neg_output/udiat_clip_image2prompt_closedform/000007.png,"A medical breast mammogram showing a smooth, well-circumscribed mass suggestive of a benign breast tumor.","A medical breast mammogram showing clear breast tissue with no visible abnormalities, indicating a normal scan."
/home/woojye2020/decs_jupyter_lab/MedCLIP-SAMv2/UDIAT2/test_images/000008.png,/home/woojye2020/decs_jupyter_lab/MedCLIP-SAMv2/generated_neg_output/udiat_clip_image2prompt_closedform/000008.png,"A mammogram displaying a round, homogeneous mass indicative of a benign breast tumor.","A mammogram showing no abnormalities in the breast tissue, suggestive of a normal, healthy breast."
/home/woojye2020/decs_jupyter_lab/MedCLIP-SAMv2/UDIAT2/test_images/000009.png,/home/woojye2020/decs_jupyter_lab/MedCLIP-SAMv2/generated_neg_output/udiat_clip_image2prompt_closedform/000009.png,"A breast imaging scan showing a well-circumscribed, smooth mass indicative of a benign breast tumor.",A medical mammogram displaying well-organized breast tissue with no evidence of abnormalities.
/home/woojye2020/decs_jupyter_lab/MedCLIP-SAMv2/UDIAT2/test_images/000010.png,/home/woojye2020/decs_jupyter_lab/MedCLIP-SAMv2/generated_neg_output/udiat_clip_image2prompt_closedform/000010.png,"A breast imaging study revealing a well-marginated, round mass indicative of a benign breast tumor.","A medical breast mammogram showing clear breast tissue with no visible abnormalities, indicating a normal scan."
/home/woojye2020/decs_jupyter_lab/MedCLIP-SAMv2/UDIAT2/test_images/000011.png,/home/woojye2020/decs_jupyter_lab/MedCLIP-SAMv2/generated_neg_output/udiat_clip_image2prompt_closedform/000011.png,"A breast scan showing a smooth, encapsulated mass likely representing a benign breast tumor.","A mammogram showing no abnormalities in the breast tissue, suggestive of a normal, healthy breast."
/home/woojye2020/decs_jupyter_lab/MedCLIP-SAMv2/UDIAT2/test_images/000012.png,/home/woojye2020/decs_jupyter_lab/MedCLIP-SAMv2/generated_neg_output/udiat_clip_image2prompt_closedform/000012.png,A mammogram displaying a smoothly contoured mass suggestive of a benign breast tumor.,A medical mammogram displaying well-organized breast tissue with no evidence of abnormalities.
/home/woojye2020/decs_jupyter_lab/MedCLIP-SAMv2/UDIAT2/test_images/000013.png,/home/woojye2020/decs_jupyter_lab/MedCLIP-SAMv2/generated_neg_output/udiat_clip_image2prompt_closedform/000013.png,"A breast mammogram identifying a well-encapsulated, smooth mass consistent with a benign tumor.","A mammogram showing no abnormalities in the breast tissue, suggestive of a normal, healthy breast."
/home/woojye2020/decs_jupyter_lab/MedCLIP-SAMv2/UDIAT2/test_images/000014.png,/home/woojye2020/decs_jupyter_lab/MedCLIP-SAMv2/generated_neg_output/udiat_clip_image2prompt_closedform/000014.png,"A medical mammogram revealing a well-defined, non-irregular mass suggestive of a benign breast tumor.","A breast mammogram showing unremarkable findings consistent with normal, healthy breast tissue."
/home/woojye2020/decs_jupyter_lab/MedCLIP-SAMv2/UDIAT2/test_images/000015.png,/home/woojye2020/decs_jupyter_lab/MedCLIP-SAMv2/generated_neg_output/udiat_clip_image2prompt_closedform/000015.png,"A mammogram revealing a low-density, well-delineated mass likely representing a benign breast tumor.","A medical breast mammogram showing clear breast tissue with no visible abnormalities, indicating a normal scan."
/home/woojye2020/decs_jupyter_lab/MedCLIP-SAMv2/UDIAT2/test_images/000016.png,/home/woojye2020/decs_jupyter_lab/MedCLIP-SAMv2/generated_neg_output/udiat_clip_image2prompt_closedform/000016.png,"A breast scan identifying a well-defined, oval mass suggestive of a benign breast tumor.","A mammogram revealing normal breast tissue with no visible masses, calcifications, or distortions."
/home/woojye2020/decs_jupyter_lab/MedCLIP-SAMv2/UDIAT2/test_images/000017.png,/home/woojye2020/decs_jupyter_lab/MedCLIP-SAMv2/generated_neg_output/udiat_clip_image2prompt_closedform/000017.png,"A medical mammogram detecting a smooth, well-defined mass characteristic of a benign breast tumor.","A breast imaging scan displaying normal, well-distributed breast tissue with no evidence of masses or tumors."
/home/woojye2020/decs_jupyter_lab/MedCLIP-SAMv2/UDIAT2/test_images/000018.png,/home/woojye2020/decs_jupyter_lab/MedCLIP-SAMv2/generated_neg_output/udiat_clip_image2prompt_closedform/000018.png,"A mammogram showing a dense, spiculated mass suggestive of a malignant breast tumor.","A mammogram showing no abnormalities in the breast tissue, suggestive of a normal, healthy breast."
/home/woojye2020/decs_jupyter_lab/MedCLIP-SAMv2/UDIAT2/test_images/000019.png,/home/woojye2020/decs_jupyter_lab/MedCLIP-SAMv2/generated_neg_output/udiat_clip_image2prompt_closedform/000019.png,"A medical mammogram detecting a smooth, well-defined mass characteristic of a benign breast tumor.",A breast mammogram displaying normal breast structures with no signs of disease or masses.
/home/woojye2020/decs_jupyter_lab/MedCLIP-SAMv2/UDIAT2/test_images/000020.png,/home/woojye2020/decs_jupyter_lab/MedCLIP-SAMv2/generated_neg_output/udiat_clip_image2prompt_closedform/000020.png,"A mammogram displaying a round, homogeneous mass indicative of a benign breast tumor.","A mammogram revealing normal breast tissue with no visible masses, calcifications, or distortions."
/home/woojye2020/decs_jupyter_lab/MedCLIP-SAMv2/UDIAT2/test_images/000021.png,/home/woojye2020/decs_jupyter_lab/MedCLIP-SAMv2/generated_neg_output/udiat_clip_image2prompt_closedform/000021.png,"A breast imaging study revealing a well-defined, encapsulated mass likely representing a benign breast tumor.",A medical breast mammogram showing healthy breast parenchyma with no suspicious findings.
/home/woojye2020/decs_jupyter_lab/MedCLIP-SAMv2/UDIAT2/test_images/000022.png,/home/woojye2020/decs_jupyter_lab/MedCLIP-SAMv2/generated_neg_output/udiat_clip_image2prompt_closedform/000022.png,"A mammogram displaying a non-invasive, well-defined mass suggestive of a benign breast tumor.","A breast mammogram showing unremarkable findings consistent with normal, healthy breast tissue."
/home/woojye2020/decs_jupyter_lab/MedCLIP-SAMv2/UDIAT2/test_images/000023.png,/home/woojye2020/decs_jupyter_lab/MedCLIP-SAMv2/generated_neg_output/udiat_clip_image2prompt_closedform/000023.png,"A mammogram revealing an ill-defined, irregular mass likely representing a malignant breast tumor.","A medical breast mammogram showing clear breast tissue with no visible abnormalities, indicating a normal scan."
/home/woojye2020/decs_jupyter_lab/MedCLIP-SAMv2/UDIAT2/test_images/000024.png,/home/woojye2020/decs_jupyter_lab/MedCLIP-SAMv2/generated_neg_output/udiat_clip_image2prompt_closedform/000024.png,"A medical mammogram revealing a spiculated, invasive mass suggestive of a malignant breast tumor.",A medical mammogram displaying well-organized breast tissue with no evidence of abnormalities.
/home/woojye2020/decs_jupyter_lab/MedCLIP-SAMv2/UDIAT2/test_images/000025.png,/home/woojye2020/decs_jupyter_lab/MedCLIP-SAMv2/generated_neg_output/udiat_clip_image2prompt_closedform/000025.png,"A breast imaging study revealing an irregularly shaped, invasive mass likely representing a malignant breast tumor.","A mammogram revealing normal breast tissue with no visible masses, calcifications, or distortions."
/home/woojye2020/decs_jupyter_lab/MedCLIP-SAMv2/UDIAT2/test_images/000026.png,/home/woojye2020/decs_jupyter_lab/MedCLIP-SAMv2/generated_neg_output/udiat_clip_image2prompt_closedform/000026.png,"A mammogram displaying a round, homogeneous mass indicative of a benign breast tumor.",A medical mammogram displaying well-organized breast tissue with no evidence of abnormalities.
/home/woojye2020/decs_jupyter_lab/MedCLIP-SAMv2/UDIAT2/test_images/000027.png,/home/woojye2020/decs_jupyter_lab/MedCLIP-SAMv2/generated_neg_output/udiat_clip_image2prompt_closedform/000027.png,"A breast imaging study showing an irregular, spiculated mass suggestive of a malignant breast tumor.","A breast mammogram showing unremarkable findings consistent with normal, healthy breast tissue."
/home/woojye2020/decs_jupyter_lab/MedCLIP-SAMv2/UDIAT2/test_images/000028.png,/home/woojye2020/decs_jupyter_lab/MedCLIP-SAMv2/generated_neg_output/udiat_clip_image2prompt_closedform/000028.png,"A mammogram displaying an irregular, non-homogeneous mass suggestive of a malignant breast tumor.","A breast mammogram showing unremarkable findings consistent with normal, healthy breast tissue."
/home/woojye2020/decs_jupyter_lab/MedCLIP-SAMv2/UDIAT2/test_images/000029.png,/home/woojye2020/decs_jupyter_lab/MedCLIP-SAMv2/generated_neg_output/udiat_clip_image2prompt_closedform/000029.png,"A medical breast mammogram displaying a heterogeneous, irregular mass consistent with a malignant tumor.",A breast mammogram displaying normal breast structures with no signs of disease or masses.
/home/woojye2020/decs_jupyter_lab/MedCLIP-SAMv2/UDIAT2/test_images/000030.png,/home/woojye2020/decs_jupyter_lab/MedCLIP-SAMv2/generated_neg_output/udiat_clip_image2prompt_closedform/000030.png,"A medical breast mammogram showing an irregular, spiculated mass suggestive of a malignant breast tumor.","A mammogram showing no abnormalities in the breast tissue, suggestive of a normal, healthy breast."
/home/woojye2020/decs_jupyter_lab/MedCLIP-SAMv2/UDIAT2/test_images/000031.png,/home/woojye2020/decs_jupyter_lab/MedCLIP-SAMv2/generated_neg_output/udiat_clip_image2prompt_closedform/000031.png,"A breast imaging study showing an irregular, spiculated mass suggestive of a malignant breast tumor.",A breast mammogram displaying normal breast structures with no signs of disease or masses.
/home/woojye2020/decs_jupyter_lab/MedCLIP-SAMv2/UDIAT2/test_images/000032.png,/home/woojye2020/decs_jupyter_lab/MedCLIP-SAMv2/generated_neg_output/udiat_clip_image2prompt_closedform/000032.png,"A breast imaging scan showing a well-circumscribed, smooth mass indicative of a benign breast tumor.",A breast mammogram displaying normal breast structures with no signs of disease or masses.
/home/woojye2020/decs_jupyter_lab/MedCLIP-SAMv2/UDIAT2/test_images/000033.png,/home/woojye2020/decs_jupyter_lab/MedCLIP-SAMv2/generated_neg_output/udiat_clip_image2prompt_closedform/000033.png,"A breast scan showing a well-contained, round mass likely indicating a benign breast tumor.","A breast imaging scan displaying normal, well-distributed breast tissue with no evidence of masses or tumors."
/home/woojye2020/decs_jupyter_lab/MedCLIP-SAMv2/UDIAT2/test_images/000034.png,/home/woojye2020/decs_jupyter_lab/MedCLIP-SAMv2/generated_neg_output/udiat_clip_image2prompt_closedform/000034.png,"A medical mammogram revealing a well-defined, non-irregular mass suggestive of a benign breast tumor.",A medical breast mammogram showing healthy breast parenchyma with no suspicious findings.
/home/woojye2020/decs_jupyter_lab/MedCLIP-SAMv2/UDIAT2/test_images/000035.png,/home/woojye2020/decs_jupyter_lab/MedCLIP-SAMv2/generated_neg_output/udiat_clip_image2prompt_closedform/000035.png,"A breast scan identifying a well-defined, oval mass suggestive of a benign breast tumor.",A medical breast mammogram showing healthy breast parenchyma with no suspicious findings.
/home/woojye2020/decs_jupyter_lab/MedCLIP-SAMv2/UDIAT2/test_images/000036.png,/home/woojye2020/decs_jupyter_lab/MedCLIP-SAMv2/generated_neg_output/udiat_clip_image2prompt_closedform/000036.png,"A mammogram displaying a non-invasive, well-defined mass suggestive of a benign breast tumor.","A mammogram showing no abnormalities in the breast tissue, suggestive of a normal, healthy breast."
/home/woojye2020/decs_jupyter_lab/MedCLIP-SAMv2/UDIAT2/test_images/000037.png,/home/woojye2020/decs_jupyter_lab/MedCLIP-SAMv2/generated_neg_output/udiat_clip_image2prompt_closedform/000037.png,"A mammogram revealing a low-density, well-delineated mass likely representing a benign breast tumor.",A breast mammogram displaying normal breast structures with no signs of disease or masses.
/home/woojye2020/decs_jupyter_lab/MedCLIP-SAMv2/UDIAT2/test_images/000038.png,/home/woojye2020/decs_jupyter_lab/MedCLIP-SAMv2/generated_neg_output/udiat_clip_image2prompt_closedform/000038.png,"A breast imaging study revealing a well-marginated, round mass indicative of a benign breast tumor.","A medical breast imaging study revealing clear, unremarkable breast tissue consistent with a healthy scan."
/home/woojye2020/decs_jupyter_lab/MedCLIP-SAMv2/UDIAT2/test_images/000039.png,/home/woojye2020/decs_jupyter_lab/MedCLIP-SAMv2/generated_neg_output/udiat_clip_image2prompt_closedform/000039.png,"A breast scan showing a smooth, encapsulated mass likely representing a benign breast tumor.","A mammogram showing no abnormalities in the breast tissue, suggestive of a normal, healthy breast."
/home/woojye2020/decs_jupyter_lab/MedCLIP-SAMv2/UDIAT2/test_images/000040.png,/home/woojye2020/decs_jupyter_lab/MedCLIP-SAMv2/generated_neg_output/udiat_clip_image2prompt_closedform/000040.png,"A breast scan identifying a well-defined, oval mass suggestive of a benign breast tumor.","A breast imaging study showing clear, homogeneous breast tissue with no signs of pathology."
/home/woojye2020/decs_jupyter_lab/MedCLIP-SAMv2/UDIAT2/test_images/000041.png,/home/woojye2020/decs_jupyter_lab/MedCLIP-SAMv2/generated_neg_output/udiat_clip_image2prompt_closedform/000041.png,"A breast scan showing a spiculated, invasive mass likely indicating a malignant breast tumor.","A breast imaging scan displaying normal, well-distributed breast tissue with no evidence of masses or tumors."
/home/woojye2020/decs_jupyter_lab/MedCLIP-SAMv2/UDIAT2/test_images/000042.png,/home/woojye2020/decs_jupyter_lab/MedCLIP-SAMv2/generated_neg_output/udiat_clip_image2prompt_closedform/000042.png,A mammogram displaying a smoothly contoured mass suggestive of a benign breast tumor.,A medical mammogram displaying well-organized breast tissue with no evidence of abnormalities.
/home/woojye2020/decs_jupyter_lab/MedCLIP-SAMv2/UDIAT2/test_images/000043.png,/home/woojye2020/decs_jupyter_lab/MedCLIP-SAMv2/generated_neg_output/udiat_clip_image2prompt_closedform/000043.png,"A breast imaging scan showing a spiculated, invasive mass indicative of a malignant breast tumor.",A medical breast mammogram showing healthy breast parenchyma with no suspicious findings.
/home/woojye2020/decs_jupyter_lab/MedCLIP-SAMv2/UDIAT2/test_images/000044.png,/home/woojye2020/decs_jupyter_lab/MedCLIP-SAMv2/generated_neg_output/udiat_clip_image2prompt_closedform/000044.png,"A medical breast mammogram showing an irregular, spiculated mass suggestive of a malignant breast tumor.","A mammogram showing no abnormalities in the breast tissue, suggestive of a normal, healthy breast."
/home/woojye2020/decs_jupyter_lab/MedCLIP-SAMv2/UDIAT2/test_images/000045.png,/home/woojye2020/decs_jupyter_lab/MedCLIP-SAMv2/generated_neg_output/udiat_clip_image2prompt_closedform/000045.png,"A medical breast mammogram showing an irregular, spiculated mass suggestive of a malignant breast tumor.",A medical breast mammogram showing healthy breast parenchyma with no suspicious findings.
/home/woojye2020/decs_jupyter_lab/MedCLIP-SAMv2/UDIAT2/test_images/000046.png,/home/woojye2020/decs_jupyter_lab/MedCLIP-SAMv2/generated_neg_output/udiat_clip_image2prompt_closedform/000046.png,"A breast scan showing a spiculated, invasive mass likely indicating a malignant breast tumor.","A breast imaging scan displaying normal, well-distributed breast tissue with no evidence of masses or tumors."
/home/woojye2020/decs_jupyter_lab/MedCLIP-SAMv2/UDIAT2/test_images/000047.png,/home/woojye2020/decs_jupyter_lab/MedCLIP-SAMv2/generated_neg_output/udiat_clip_image2prompt_closedform/000047.png,"A mammogram displaying a poorly defined, lobulated mass indicative of a malignant breast tumor.","A mammogram showing no abnormalities in the breast tissue, suggestive of a normal, healthy breast."
/home/woojye2020/decs_jupyter_lab/MedCLIP-SAMv2/UDIAT2/test_images/000048.png,/home/woojye2020/decs_jupyter_lab/MedCLIP-SAMv2/generated_neg_output/udiat_clip_image2prompt_closedform/000048.png,"A medical breast mammogram detecting a spiculated, irregular mass characteristic of a malignant tumor.",A medical breast mammogram showing healthy breast parenchyma with no suspicious findings.
/home/woojye2020/decs_jupyter_lab/MedCLIP-SAMv2/UDIAT2/test_images/000049.png,/home/woojye2020/decs_jupyter_lab/MedCLIP-SAMv2/generated_neg_output/udiat_clip_image2prompt_closedform/000049.png,"A medical breast mammogram displaying a heterogeneous, irregular mass consistent with a malignant tumor.","A breast imaging study showing clear, homogeneous breast tissue with no signs of pathology."
/home/woojye2020/decs_jupyter_lab/MedCLIP-SAMv2/UDIAT2/test_images/000050.png,/home/woojye2020/decs_jupyter_lab/MedCLIP-SAMv2/generated_neg_output/udiat_clip_image2prompt_closedform/000050.png,"A breast scan showing a spiculated, invasive mass likely indicating a malignant breast tumor.","A breast imaging study showing clear, homogeneous breast tissue with no signs of pathology."
/home/woojye2020/decs_jupyter_lab/MedCLIP-SAMv2/UDIAT2/test_images/000051.png,/home/woojye2020/decs_jupyter_lab/MedCLIP-SAMv2/generated_neg_output/udiat_clip_image2prompt_closedform/000051.png,"A mammogram showing a sharply marginated, round mass suggestive of a benign breast tumor.","A breast imaging scan displaying normal, well-distributed breast tissue with no evidence of masses or tumors."
/home/woojye2020/decs_jupyter_lab/MedCLIP-SAMv2/UDIAT2/test_images/000052.png,/home/woojye2020/decs_jupyter_lab/MedCLIP-SAMv2/generated_neg_output/udiat_clip_image2prompt_closedform/000052.png,"A mammogram showing a sharply marginated, round mass suggestive of a benign breast tumor.","A mammogram showing no abnormalities in the breast tissue, suggestive of a normal, healthy breast."
/home/woojye2020/decs_jupyter_lab/MedCLIP-SAMv2/UDIAT2/test_images/000053.png,/home/woojye2020/decs_jupyter_lab/MedCLIP-SAMv2/generated_neg_output/udiat_clip_image2prompt_closedform/000053.png,"A breast scan showing an ill-defined, invasive mass likely representing a malignant breast tumor.",A medical mammogram displaying well-organized breast tissue with no evidence of abnormalities.
/home/woojye2020/decs_jupyter_lab/MedCLIP-SAMv2/UDIAT2/test_images/000054.png,/home/woojye2020/decs_jupyter_lab/MedCLIP-SAMv2/generated_neg_output/udiat_clip_image2prompt_closedform/000054.png,"A mammogram revealing an ill-defined, irregular mass likely representing a malignant breast tumor.","A breast mammogram showing unremarkable findings consistent with normal, healthy breast tissue."
/home/woojye2020/decs_jupyter_lab/MedCLIP-SAMv2/UDIAT2/test_images/000055.png,/home/woojye2020/decs_jupyter_lab/MedCLIP-SAMv2/generated_neg_output/udiat_clip_image2prompt_closedform/000055.png,"A breast mammogram identifying an irregular, dense mass consistent with a malignant tumor.","A breast mammogram showing unremarkable findings consistent with normal, healthy breast tissue."
/home/woojye2020/decs_jupyter_lab/MedCLIP-SAMv2/UDIAT2/test_images/000056.png,/home/woojye2020/decs_jupyter_lab/MedCLIP-SAMv2/generated_neg_output/udiat_clip_image2prompt_closedform/000056.png,"A breast scan showing a well-contained, round mass likely indicating a benign breast tumor.",A medical breast mammogram showing healthy breast parenchyma with no suspicious findings.
/home/woojye2020/decs_jupyter_lab/MedCLIP-SAMv2/UDIAT2/test_images/000057.png,/home/woojye2020/decs_jupyter_lab/MedCLIP-SAMv2/generated_neg_output/udiat_clip_image2prompt_closedform/000057.png,"A breast imaging scan showing a spiculated, invasive mass indicative of a malignant breast tumor.","A medical breast imaging study revealing clear, unremarkable breast tissue consistent with a healthy scan."
/home/woojye2020/decs_jupyter_lab/MedCLIP-SAMv2/UDIAT2/test_images/000058.png,/home/woojye2020/decs_jupyter_lab/MedCLIP-SAMv2/generated_neg_output/udiat_clip_image2prompt_closedform/000058.png,"A mammogram displaying a non-spiculated, round mass suggestive of a benign breast tumor.","A breast imaging study showing clear, homogeneous breast tissue with no signs of pathology."
/home/woojye2020/decs_jupyter_lab/MedCLIP-SAMv2/UDIAT2/test_images/000059.png,/home/woojye2020/decs_jupyter_lab/MedCLIP-SAMv2/generated_neg_output/udiat_clip_image2prompt_closedform/000059.png,"A mammogram displaying a round, homogeneous mass indicative of a benign breast tumor.","A medical breast mammogram showing clear breast tissue with no visible abnormalities, indicating a normal scan."
/home/woojye2020/decs_jupyter_lab/MedCLIP-SAMv2/UDIAT2/test_images/000060.png,/home/woojye2020/decs_jupyter_lab/MedCLIP-SAMv2/generated_neg_output/udiat_clip_image2prompt_closedform/000060.png,"A breast imaging study revealing a well-defined, encapsulated mass likely representing a benign breast tumor.","A medical breast imaging study revealing clear, unremarkable breast tissue consistent with a healthy scan."
/home/woojye2020/decs_jupyter_lab/MedCLIP-SAMv2/UDIAT2/test_images/000061.png,/home/woojye2020/decs_jupyter_lab/MedCLIP-SAMv2/generated_neg_output/udiat_clip_image2prompt_closedform/000061.png,A mammogram displaying a smoothly contoured mass suggestive of a benign breast tumor.,"A medical breast imaging study revealing clear, unremarkable breast tissue consistent with a healthy scan."
/home/woojye2020/decs_jupyter_lab/MedCLIP-SAMv2/UDIAT2/test_images/000062.png,/home/woojye2020/decs_jupyter_lab/MedCLIP-SAMv2/generated_neg_output/udiat_clip_image2prompt_closedform/000062.png,"A breast mammogram identifying a well-encapsulated, smooth mass consistent with a benign tumor.","A breast mammogram showing unremarkable findings consistent with normal, healthy breast tissue."
/home/woojye2020/decs_jupyter_lab/MedCLIP-SAMv2/UDIAT2/test_images/000063.png,/home/woojye2020/decs_jupyter_lab/MedCLIP-SAMv2/generated_neg_output/udiat_clip_image2prompt_closedform/000063.png,"A mammogram displaying a round, homogeneous mass indicative of a benign breast tumor.","A mammogram revealing normal breast tissue with no visible masses, calcifications, or distortions."
/home/woojye2020/decs_jupyter_lab/MedCLIP-SAMv2/UDIAT2/test_images/000064.png,/home/woojye2020/decs_jupyter_lab/MedCLIP-SAMv2/generated_neg_output/udiat_clip_image2prompt_closedform/000064.png,"A breast scan showing a well-contained, round mass likely indicating a benign breast tumor.","A breast mammogram showing unremarkable findings consistent with normal, healthy breast tissue."
/home/woojye2020/decs_jupyter_lab/MedCLIP-SAMv2/UDIAT2/test_images/000065.png,/home/woojye2020/decs_jupyter_lab/MedCLIP-SAMv2/generated_neg_output/udiat_clip_image2prompt_closedform/000065.png,"A medical mammogram revealing a well-defined, non-irregular mass suggestive of a benign breast tumor.",A medical mammogram displaying well-organized breast tissue with no evidence of abnormalities.
/home/woojye2020/decs_jupyter_lab/MedCLIP-SAMv2/UDIAT2/test_images/000066.png,/home/woojye2020/decs_jupyter_lab/MedCLIP-SAMv2/generated_neg_output/udiat_clip_image2prompt_closedform/000066.png,"A mammogram revealing a low-density, well-delineated mass likely representing a benign breast tumor.",A medical mammogram displaying well-organized breast tissue with no evidence of abnormalities.
/home/woojye2020/decs_jupyter_lab/MedCLIP-SAMv2/UDIAT2/test_images/000067.png,/home/woojye2020/decs_jupyter_lab/MedCLIP-SAMv2/generated_neg_output/udiat_clip_image2prompt_closedform/000067.png,"A medical breast mammogram showing a well-defined, round mass suggestive of a benign breast tumor.",A breast mammogram displaying normal breast structures with no signs of disease or masses.
/home/woojye2020/decs_jupyter_lab/MedCLIP-SAMv2/UDIAT2/test_images/000068.png,/home/woojye2020/decs_jupyter_lab/MedCLIP-SAMv2/generated_neg_output/udiat_clip_image2prompt_closedform/000068.png,"A breast scan showing a smooth, encapsulated mass likely representing a benign breast tumor.","A breast imaging scan displaying normal, well-distributed breast tissue with no evidence of masses or tumors."
/home/woojye2020/decs_jupyter_lab/MedCLIP-SAMv2/UDIAT2/test_images/000069.png,/home/woojye2020/decs_jupyter_lab/MedCLIP-SAMv2/generated_neg_output/udiat_clip_image2prompt_closedform/000069.png,A mammogram displaying a smoothly contoured mass suggestive of a benign breast tumor.,A medical breast mammogram showing healthy breast parenchyma with no suspicious findings.
/home/woojye2020/decs_jupyter_lab/MedCLIP-SAMv2/UDIAT2/test_images/000070.png,/home/woojye2020/decs_jupyter_lab/MedCLIP-SAMv2/generated_neg_output/udiat_clip_image2prompt_closedform/000070.png,"A breast imaging study revealing a well-defined, encapsulated mass likely representing a benign breast tumor.","A breast imaging scan displaying normal, well-distributed breast tissue with no evidence of masses or tumors."
/home/woojye2020/decs_jupyter_lab/MedCLIP-SAMv2/UDIAT2/test_images/000071.png,/home/woojye2020/decs_jupyter_lab/MedCLIP-SAMv2/generated_neg_output/udiat_clip_image2prompt_closedform/000071.png,"A breast mammogram identifying a well-encapsulated, smooth mass consistent with a benign tumor.","A medical breast imaging study revealing clear, unremarkable breast tissue consistent with a healthy scan."
/home/woojye2020/decs_jupyter_lab/MedCLIP-SAMv2/UDIAT2/test_images/000072.png,/home/woojye2020/decs_jupyter_lab/MedCLIP-SAMv2/generated_neg_output/udiat_clip_image2prompt_closedform/000072.png,"A medical mammogram revealing a well-defined, non-irregular mass suggestive of a benign breast tumor.","A medical breast mammogram showing clear breast tissue with no visible abnormalities, indicating a normal scan."
/home/woojye2020/decs_jupyter_lab/MedCLIP-SAMv2/UDIAT2/test_images/000073.png,/home/woojye2020/decs_jupyter_lab/MedCLIP-SAMv2/generated_neg_output/udiat_clip_image2prompt_closedform/000073.png,"A mammogram revealing a low-density, well-delineated mass likely representing a benign breast tumor.",A medical mammogram displaying well-organized breast tissue with no evidence of abnormalities.
/home/woojye2020/decs_jupyter_lab/MedCLIP-SAMv2/UDIAT2/test_images/000074.png,/home/woojye2020/decs_jupyter_lab/MedCLIP-SAMv2/generated_neg_output/udiat_clip_image2prompt_closedform/000074.png,"A breast scan identifying a well-defined, oval mass suggestive of a benign breast tumor.",A medical mammogram displaying well-organized breast tissue with no evidence of abnormalities.
/home/woojye2020/decs_jupyter_lab/MedCLIP-SAMv2/UDIAT2/test_images/000075.png,/home/woojye2020/decs_jupyter_lab/MedCLIP-SAMv2/generated_neg_output/udiat_clip_image2prompt_closedform/000075.png,"A breast imaging study revealing a well-defined, encapsulated mass likely representing a benign breast tumor.","A breast imaging scan displaying normal, well-distributed breast tissue with no evidence of masses or tumors."
/home/woojye2020/decs_jupyter_lab/MedCLIP-SAMv2/UDIAT2/test_images/000076.png,/home/woojye2020/decs_jupyter_lab/MedCLIP-SAMv2/generated_neg_output/udiat_clip_image2prompt_closedform/000076.png,A mammogram displaying a smoothly contoured mass suggestive of a benign breast tumor.,A medical mammogram displaying well-organized breast tissue with no evidence of abnormalities.
/home/woojye2020/decs_jupyter_lab/MedCLIP-SAMv2/UDIAT2/test_images/000077.png,/home/woojye2020/decs_jupyter_lab/MedCLIP-SAMv2/generated_neg_output/udiat_clip_image2prompt_closedform/000077.png,"A breast imaging study revealing a well-marginated, round mass indicative of a benign breast tumor.","A mammogram showing no abnormalities in the breast tissue, suggestive of a normal, healthy breast."
/home/woojye2020/decs_jupyter_lab/MedCLIP-SAMv2/UDIAT2/test_images/000078.png,/home/woojye2020/decs_jupyter_lab/MedCLIP-SAMv2/generated_neg_output/udiat_clip_image2prompt_closedform/000078.png,"A mammogram showing a sharply marginated, round mass suggestive of a benign breast tumor.",A medical breast mammogram showing healthy breast parenchyma with no suspicious findings.
/home/woojye2020/decs_jupyter_lab/MedCLIP-SAMv2/UDIAT2/test_images/000079.png,/home/woojye2020/decs_jupyter_lab/MedCLIP-SAMv2/generated_neg_output/udiat_clip_image2prompt_closedform/000079.png,"A breast scan identifying a well-defined, oval mass suggestive of a benign breast tumor.",A medical mammogram displaying well-organized breast tissue with no evidence of abnormalities.
/home/woojye2020/decs_jupyter_lab/MedCLIP-SAMv2/UDIAT2/test_images/000080.png,/home/woojye2020/decs_jupyter_lab/MedCLIP-SAMv2/generated_neg_output/udiat_clip_image2prompt_closedform/000080.png,"A mammogram displaying a non-spiculated, round mass suggestive of a benign breast tumor.","A medical breast mammogram showing clear breast tissue with no visible abnormalities, indicating a normal scan."
/home/woojye2020/decs_jupyter_lab/MedCLIP-SAMv2/UDIAT2/test_images/000081.png,/home/woojye2020/decs_jupyter_lab/MedCLIP-SAMv2/generated_neg_output/udiat_clip_image2prompt_closedform/000081.png,"A breast imaging study revealing a well-marginated, round mass indicative of a benign breast tumor.",A medical breast mammogram showing healthy breast parenchyma with no suspicious findings.
/home/woojye2020/decs_jupyter_lab/MedCLIP-SAMv2/UDIAT2/test_images/000082.png,/home/woojye2020/decs_jupyter_lab/MedCLIP-SAMv2/generated_neg_output/udiat_clip_image2prompt_closedform/000082.png,"A breast imaging study showing a homogenous, well-circumscribed mass indicative of a benign tumor.","A medical breast mammogram showing clear breast tissue with no visible abnormalities, indicating a normal scan."
/home/woojye2020/decs_jupyter_lab/MedCLIP-SAMv2/UDIAT2/test_images/000083.png,/home/woojye2020/decs_jupyter_lab/MedCLIP-SAMv2/generated_neg_output/udiat_clip_image2prompt_closedform/000083.png,"A breast imaging study revealing a well-defined, encapsulated mass likely representing a benign breast tumor.",A medical breast mammogram showing healthy breast parenchyma with no suspicious findings.
/home/woojye2020/decs_jupyter_lab/MedCLIP-SAMv2/UDIAT2/test_images/000084.png,/home/woojye2020/decs_jupyter_lab/MedCLIP-SAMv2/generated_neg_output/udiat_clip_image2prompt_closedform/000084.png,"A breast imaging study showing a well-margined, round mass suggestive of a benign breast tumor.","A mammogram showing no abnormalities in the breast tissue, suggestive of a normal, healthy breast."
/home/woojye2020/decs_jupyter_lab/MedCLIP-SAMv2/UDIAT2/test_images/000085.png,/home/woojye2020/decs_jupyter_lab/MedCLIP-SAMv2/generated_neg_output/udiat_clip_image2prompt_closedform/000085.png,"A medical breast mammogram showing a smooth, well-circumscribed mass suggestive of a benign breast tumor.","A mammogram showing no abnormalities in the breast tissue, suggestive of a normal, healthy breast."
/home/woojye2020/decs_jupyter_lab/MedCLIP-SAMv2/UDIAT2/test_images/000086.png,/home/woojye2020/decs_jupyter_lab/MedCLIP-SAMv2/generated_neg_output/udiat_clip_image2prompt_closedform/000086.png,"A medical breast mammogram detecting a non-aggressive, well-defined mass characteristic of a benign tumor.",A breast mammogram displaying normal breast structures with no signs of disease or masses.
/home/woojye2020/decs_jupyter_lab/MedCLIP-SAMv2/UDIAT2/test_images/000087.png,/home/woojye2020/decs_jupyter_lab/MedCLIP-SAMv2/generated_neg_output/udiat_clip_image2prompt_closedform/000087.png,"A mammogram displaying a round, homogeneous mass indicative of a benign breast tumor.","A breast imaging study showing clear, homogeneous breast tissue with no signs of pathology."
/home/woojye2020/decs_jupyter_lab/MedCLIP-SAMv2/UDIAT2/test_images/000088.png,/home/woojye2020/decs_jupyter_lab/MedCLIP-SAMv2/generated_neg_output/udiat_clip_image2prompt_closedform/000088.png,"A mammogram displaying a round, homogeneous mass indicative of a benign breast tumor.",A medical mammogram displaying well-organized breast tissue with no evidence of abnormalities.
/home/woojye2020/decs_jupyter_lab/MedCLIP-SAMv2/UDIAT2/test_images/000089.png,/home/woojye2020/decs_jupyter_lab/MedCLIP-SAMv2/generated_neg_output/udiat_clip_image2prompt_closedform/000089.png,"A mammogram showing a sharply marginated, round mass suggestive of a benign breast tumor.","A medical breast imaging study revealing clear, unremarkable breast tissue consistent with a healthy scan."
/home/woojye2020/decs_jupyter_lab/MedCLIP-SAMv2/UDIAT2/test_images/000090.png,/home/woojye2020/decs_jupyter_lab/MedCLIP-SAMv2/generated_neg_output/udiat_clip_image2prompt_closedform/000090.png,"A breast imaging study showing a homogenous, well-circumscribed mass indicative of a benign tumor.",A medical mammogram displaying well-organized breast tissue with no evidence of abnormalities.
/home/woojye2020/decs_jupyter_lab/MedCLIP-SAMv2/UDIAT2/test_images/000091.png,/home/woojye2020/decs_jupyter_lab/MedCLIP-SAMv2/generated_neg_output/udiat_clip_image2prompt_closedform/000091.png,"A breast scan identifying a well-defined, oval mass suggestive of a benign breast tumor.","A breast imaging scan displaying normal, well-distributed breast tissue with no evidence of masses or tumors."
/home/woojye2020/decs_jupyter_lab/MedCLIP-SAMv2/UDIAT2/test_images/000092.png,/home/woojye2020/decs_jupyter_lab/MedCLIP-SAMv2/generated_neg_output/udiat_clip_image2prompt_closedform/000092.png,"A mammogram displaying a non-spiculated, round mass suggestive of a benign breast tumor.","A breast mammogram showing unremarkable findings consistent with normal, healthy breast tissue."
/home/woojye2020/decs_jupyter_lab/MedCLIP-SAMv2/UDIAT2/test_images/000093.png,/home/woojye2020/decs_jupyter_lab/MedCLIP-SAMv2/generated_neg_output/udiat_clip_image2prompt_closedform/000093.png,"A breast mammogram identifying a well-encapsulated, smooth mass consistent with a benign tumor.","A mammogram showing no abnormalities in the breast tissue, suggestive of a normal, healthy breast."
/home/woojye2020/decs_jupyter_lab/MedCLIP-SAMv2/UDIAT2/test_images/000094.png,/home/woojye2020/decs_jupyter_lab/MedCLIP-SAMv2/generated_neg_output/udiat_clip_image2prompt_closedform/000094.png,"A breast scan showing a smooth, encapsulated mass likely representing a benign breast tumor.","A mammogram showing no abnormalities in the breast tissue, suggestive of a normal, healthy breast."
/home/woojye2020/decs_jupyter_lab/MedCLIP-SAMv2/UDIAT2/test_images/000095.png,/home/woojye2020/decs_jupyter_lab/MedCLIP-SAMv2/generated_neg_output/udiat_clip_image2prompt_closedform/000095.png,"A breast imaging study showing a well-margined, round mass suggestive of a benign breast tumor.","A mammogram revealing normal breast tissue with no visible masses, calcifications, or distortions."
/home/woojye2020/decs_jupyter_lab/MedCLIP-SAMv2/UDIAT2/test_images/000096.png,/home/woojye2020/decs_jupyter_lab/MedCLIP-SAMv2/generated_neg_output/udiat_clip_image2prompt_closedform/000096.png,A mammogram displaying a smoothly contoured mass suggestive of a benign breast tumor.,A medical breast mammogram showing healthy breast parenchyma with no suspicious findings.
/home/woojye2020/decs_jupyter_lab/MedCLIP-SAMv2/UDIAT2/test_images/000097.png,/home/woojye2020/decs_jupyter_lab/MedCLIP-SAMv2/generated_neg_output/udiat_clip_image2prompt_closedform/000097.png,"A medical mammogram revealing a well-defined, non-irregular mass suggestive of a benign breast tumor.",A medical mammogram displaying well-organized breast tissue with no evidence of abnormalities.
/home/woojye2020/decs_jupyter_lab/MedCLIP-SAMv2/UDIAT2/test_images/000098.png,/home/woojye2020/decs_jupyter_lab/MedCLIP-SAMv2/generated_neg_output/udiat_clip_image2prompt_closedform/000098.png,"A medical mammogram revealing a well-defined, non-irregular mass suggestive of a benign breast tumor.",A breast mammogram displaying normal breast structures with no signs of disease or masses.
/home/woojye2020/decs_jupyter_lab/MedCLIP-SAMv2/UDIAT2/test_images/000099.png,/home/woojye2020/decs_jupyter_lab/MedCLIP-SAMv2/generated_neg_output/udiat_clip_image2prompt_closedform/000099.png,"A breast imaging scan showing a well-circumscribed, smooth mass indicative of a benign breast tumor.","A mammogram showing no abnormalities in the breast tissue, suggestive of a normal, healthy breast."
/home/woojye2020/decs_jupyter_lab/MedCLIP-SAMv2/UDIAT2/test_images/000100.png,/home/woojye2020/decs_jupyter_lab/MedCLIP-SAMv2/generated_neg_output/udiat_clip_image2prompt_closedform/000100.png,"A mammogram displaying a round, homogeneous mass indicative of a benign breast tumor.",A medical breast mammogram showing healthy breast parenchyma with no suspicious findings.
/home/woojye2020/decs_jupyter_lab/MedCLIP-SAMv2/UDIAT2/test_images/000101.png,/home/woojye2020/decs_jupyter_lab/MedCLIP-SAMv2/generated_neg_output/udiat_clip_image2prompt_closedform/000101.png,"A medical breast mammogram showing a well-defined, round mass suggestive of a benign breast tumor.","A breast mammogram showing unremarkable findings consistent with normal, healthy breast tissue."
/home/woojye2020/decs_jupyter_lab/MedCLIP-SAMv2/UDIAT2/test_images/000102.png,/home/woojye2020/decs_jupyter_lab/MedCLIP-SAMv2/generated_neg_output/udiat_clip_image2prompt_closedform/000102.png,"A breast scan showing a smooth, encapsulated mass likely representing a benign breast tumor.","A mammogram showing no abnormalities in the breast tissue, suggestive of a normal, healthy breast."
/home/woojye2020/decs_jupyter_lab/MedCLIP-SAMv2/UDIAT2/test_images/000103.png,/home/woojye2020/decs_jupyter_lab/MedCLIP-SAMv2/generated_neg_output/udiat_clip_image2prompt_closedform/000103.png,"A medical breast mammogram detecting a non-aggressive, well-defined mass characteristic of a benign tumor.","A mammogram showing no abnormalities in the breast tissue, suggestive of a normal, healthy breast."
/home/woojye2020/decs_jupyter_lab/MedCLIP-SAMv2/UDIAT2/test_images/000104.png,/home/woojye2020/decs_jupyter_lab/MedCLIP-SAMv2/generated_neg_output/udiat_clip_image2prompt_closedform/000104.png,"A medical breast mammogram showing a well-defined, round mass suggestive of a benign breast tumor.",A breast mammogram displaying normal breast structures with no signs of disease or masses.
/home/woojye2020/decs_jupyter_lab/MedCLIP-SAMv2/UDIAT2/test_images/000105.png,/home/woojye2020/decs_jupyter_lab/MedCLIP-SAMv2/generated_neg_output/udiat_clip_image2prompt_closedform/000105.png,A mammogram displaying a smoothly contoured mass suggestive of a benign breast tumor.,"A medical breast mammogram showing clear breast tissue with no visible abnormalities, indicating a normal scan."
/home/woojye2020/decs_jupyter_lab/MedCLIP-SAMv2/UDIAT2/test_images/000106.png,/home/woojye2020/decs_jupyter_lab/MedCLIP-SAMv2/generated_neg_output/udiat_clip_image2prompt_closedform/000106.png,"A breast imaging scan showing a well-circumscribed, smooth mass indicative of a benign breast tumor.",A breast mammogram displaying normal breast structures with no signs of disease or masses.
/home/woojye2020/decs_jupyter_lab/MedCLIP-SAMv2/UDIAT2/test_images/000107.png,/home/woojye2020/decs_jupyter_lab/MedCLIP-SAMv2/generated_neg_output/udiat_clip_image2prompt_closedform/000107.png,"A medical breast mammogram showing a smooth, well-circumscribed mass suggestive of a benign breast tumor.",A medical breast mammogram showing healthy breast parenchyma with no suspicious findings.
/home/woojye2020/decs_jupyter_lab/MedCLIP-SAMv2/UDIAT2/test_images/000108.png,/home/woojye2020/decs_jupyter_lab/MedCLIP-SAMv2/generated_neg_output/udiat_clip_image2prompt_closedform/000108.png,"A mammogram displaying a round, homogeneous mass indicative of a benign breast tumor.",A medical mammogram displaying well-organized breast tissue with no evidence of abnormalities.
/home/woojye2020/decs_jupyter_lab/MedCLIP-SAMv2/UDIAT2/test_images/000109.png,/home/woojye2020/decs_jupyter_lab/MedCLIP-SAMv2/generated_neg_output/udiat_clip_image2prompt_closedform/000109.png,"A breast imaging scan showing a well-circumscribed, smooth mass indicative of a benign breast tumor.","A breast imaging scan displaying normal, well-distributed breast tissue with no evidence of masses or tumors."
/home/woojye2020/decs_jupyter_lab/MedCLIP-SAMv2/UDIAT2/test_images/000110.png,/home/woojye2020/decs_jupyter_lab/MedCLIP-SAMv2/generated_neg_output/udiat_clip_image2prompt_closedform/000110.png,"A breast imaging study showing a homogenous, well-circumscribed mass indicative of a benign tumor.","A mammogram showing no abnormalities in the breast tissue, suggestive of a normal, healthy breast."
/home/woojye2020/decs_jupyter_lab/MedCLIP-SAMv2/UDIAT2/test_images/000111.png,/home/woojye2020/decs_jupyter_lab/MedCLIP-SAMv2/generated_neg_output/udiat_clip_image2prompt_closedform/000111.png,"A breast scan showing a smooth, encapsulated mass likely representing a benign breast tumor.","A medical breast imaging study revealing clear, unremarkable breast tissue consistent with a healthy scan."
/home/woojye2020/decs_jupyter_lab/MedCLIP-SAMv2/UDIAT2/test_images/000112.png,/home/woojye2020/decs_jupyter_lab/MedCLIP-SAMv2/generated_neg_output/udiat_clip_image2prompt_closedform/000112.png,"A medical breast mammogram detecting a non-aggressive, well-defined mass characteristic of a benign tumor.","A breast mammogram showing unremarkable findings consistent with normal, healthy breast tissue."
/home/woojye2020/decs_jupyter_lab/MedCLIP-SAMv2/UDIAT2/test_images/000113.png,/home/woojye2020/decs_jupyter_lab/MedCLIP-SAMv2/generated_neg_output/udiat_clip_image2prompt_closedform/000113.png,"A breast imaging study showing a homogenous, well-circumscribed mass indicative of a benign tumor.","A mammogram showing no abnormalities in the breast tissue, suggestive of a normal, healthy breast."
/home/woojye2020/decs_jupyter_lab/MedCLIP-SAMv2/UDIAT2/test_images/000114.png,/home/woojye2020/decs_jupyter_lab/MedCLIP-SAMv2/generated_neg_output/udiat_clip_image2prompt_closedform/000114.png,"A breast imaging study showing a homogenous, well-circumscribed mass indicative of a benign tumor.","A mammogram revealing normal breast tissue with no visible masses, calcifications, or distortions."
/home/woojye2020/decs_jupyter_lab/MedCLIP-SAMv2/UDIAT2/test_images/000115.png,/home/woojye2020/decs_jupyter_lab/MedCLIP-SAMv2/generated_neg_output/udiat_clip_image2prompt_closedform/000115.png,"A medical breast mammogram displaying a lobulated, non-aggressive mass consistent with a benign tumor.",A breast mammogram displaying normal breast structures with no signs of disease or masses.
/home/woojye2020/decs_jupyter_lab/MedCLIP-SAMv2/UDIAT2/test_images/000116.png,/home/woojye2020/decs_jupyter_lab/MedCLIP-SAMv2/generated_neg_output/udiat_clip_image2prompt_closedform/000116.png,"A breast imaging study revealing a well-defined, encapsulated mass likely representing a benign breast tumor.","A mammogram revealing normal breast tissue with no visible masses, calcifications, or distortions."
/home/woojye2020/decs_jupyter_lab/MedCLIP-SAMv2/UDIAT2/test_images/000117.png,/home/woojye2020/decs_jupyter_lab/MedCLIP-SAMv2/generated_neg_output/udiat_clip_image2prompt_closedform/000117.png,"A mammogram displaying a non-invasive, well-defined mass suggestive of a benign breast tumor.","A mammogram revealing normal breast tissue with no visible masses, calcifications, or distortions."
/home/woojye2020/decs_jupyter_lab/MedCLIP-SAMv2/UDIAT2/test_images/000118.png,/home/woojye2020/decs_jupyter_lab/MedCLIP-SAMv2/generated_neg_output/udiat_clip_image2prompt_closedform/000118.png,"A breast mammogram identifying a well-encapsulated, smooth mass consistent with a benign tumor.","A breast imaging study showing clear, homogeneous breast tissue with no signs of pathology."
/home/woojye2020/decs_jupyter_lab/MedCLIP-SAMv2/UDIAT2/test_images/000119.png,/home/woojye2020/decs_jupyter_lab/MedCLIP-SAMv2/generated_neg_output/udiat_clip_image2prompt_closedform/000119.png,"A medical breast mammogram showing a smooth, well-circumscribed mass suggestive of a benign breast tumor.",A breast mammogram displaying normal breast structures with no signs of disease or masses.
/home/woojye2020/decs_jupyter_lab/MedCLIP-SAMv2/UDIAT2/test_images/000120.png,/home/woojye2020/decs_jupyter_lab/MedCLIP-SAMv2/generated_neg_output/udiat_clip_image2prompt_closedform/000120.png,"A medical breast mammogram showing a smooth, well-circumscribed mass suggestive of a benign breast tumor.","A mammogram revealing normal breast tissue with no visible masses, calcifications, or distortions."
/home/woojye2020/decs_jupyter_lab/MedCLIP-SAMv2/UDIAT2/test_images/000121.png,/home/woojye2020/decs_jupyter_lab/MedCLIP-SAMv2/generated_neg_output/udiat_clip_image2prompt_closedform/000121.png,"A medical mammogram detecting a smooth, well-defined mass characteristic of a benign breast tumor.",A breast mammogram displaying normal breast structures with no signs of disease or masses.
/home/woojye2020/decs_jupyter_lab/MedCLIP-SAMv2/UDIAT2/test_images/000122.png,/home/woojye2020/decs_jupyter_lab/MedCLIP-SAMv2/generated_neg_output/udiat_clip_image2prompt_closedform/000122.png,"A breast imaging scan showing a well-circumscribed, smooth mass indicative of a benign breast tumor.","A mammogram showing no abnormalities in the breast tissue, suggestive of a normal, healthy breast."
/home/woojye2020/decs_jupyter_lab/MedCLIP-SAMv2/UDIAT2/test_images/000123.png,/home/woojye2020/decs_jupyter_lab/MedCLIP-SAMv2/generated_neg_output/udiat_clip_image2prompt_closedform/000123.png,"A medical breast mammogram displaying a lobulated, non-aggressive mass consistent with a benign tumor.",A medical mammogram displaying well-organized breast tissue with no evidence of abnormalities.
/home/woojye2020/decs_jupyter_lab/MedCLIP-SAMv2/UDIAT2/test_images/000124.png,/home/woojye2020/decs_jupyter_lab/MedCLIP-SAMv2/generated_neg_output/udiat_clip_image2prompt_closedform/000124.png,"A medical mammogram revealing a well-defined, non-irregular mass suggestive of a benign breast tumor.","A medical breast imaging study revealing clear, unremarkable breast tissue consistent with a healthy scan."
/home/woojye2020/decs_jupyter_lab/MedCLIP-SAMv2/UDIAT2/test_images/000125.png,/home/woojye2020/decs_jupyter_lab/MedCLIP-SAMv2/generated_neg_output/udiat_clip_image2prompt_closedform/000125.png,"A breast mammogram identifying a well-encapsulated, smooth mass consistent with a benign tumor.","A medical breast imaging study revealing clear, unremarkable breast tissue consistent with a healthy scan."
/home/woojye2020/decs_jupyter_lab/MedCLIP-SAMv2/UDIAT2/test_images/000126.png,/home/woojye2020/decs_jupyter_lab/MedCLIP-SAMv2/generated_neg_output/udiat_clip_image2prompt_closedform/000126.png,"A mammogram revealing a low-density, well-delineated mass likely representing a benign breast tumor.","A breast imaging study showing clear, homogeneous breast tissue with no signs of pathology."
/home/woojye2020/decs_jupyter_lab/MedCLIP-SAMv2/UDIAT2/test_images/000127.png,/home/woojye2020/decs_jupyter_lab/MedCLIP-SAMv2/generated_neg_output/udiat_clip_image2prompt_closedform/000127.png,"A breast imaging scan showing a well-circumscribed, smooth mass indicative of a benign breast tumor.",A breast mammogram displaying normal breast structures with no signs of disease or masses.
/home/woojye2020/decs_jupyter_lab/MedCLIP-SAMv2/UDIAT2/test_images/000128.png,/home/woojye2020/decs_jupyter_lab/MedCLIP-SAMv2/generated_neg_output/udiat_clip_image2prompt_closedform/000128.png,"A medical mammogram revealing a well-defined, non-irregular mass suggestive of a benign breast tumor.",A medical mammogram displaying well-organized breast tissue with no evidence of abnormalities.
/home/woojye2020/decs_jupyter_lab/MedCLIP-SAMv2/UDIAT2/test_images/000129.png,/home/woojye2020/decs_jupyter_lab/MedCLIP-SAMv2/generated_neg_output/udiat_clip_image2prompt_closedform/000129.png,"A breast imaging study revealing a well-defined, encapsulated mass likely representing a benign breast tumor.","A medical breast mammogram showing clear breast tissue with no visible abnormalities, indicating a normal scan."
/home/woojye2020/decs_jupyter_lab/MedCLIP-SAMv2/UDIAT2/test_images/000130.png,/home/woojye2020/decs_jupyter_lab/MedCLIP-SAMv2/generated_neg_output/udiat_clip_image2prompt_closedform/000130.png,A mammogram displaying a smoothly contoured mass suggestive of a benign breast tumor.,A medical mammogram displaying well-organized breast tissue with no evidence of abnormalities.
/home/woojye2020/decs_jupyter_lab/MedCLIP-SAMv2/UDIAT2/test_images/000131.png,/home/woojye2020/decs_jupyter_lab/MedCLIP-SAMv2/generated_neg_output/udiat_clip_image2prompt_closedform/000131.png,"A medical breast mammogram showing a well-defined, round mass suggestive of a benign breast tumor.",A breast mammogram displaying normal breast structures with no signs of disease or masses.
/home/woojye2020/decs_jupyter_lab/MedCLIP-SAMv2/UDIAT2/test_images/000132.png,/home/woojye2020/decs_jupyter_lab/MedCLIP-SAMv2/generated_neg_output/udiat_clip_image2prompt_closedform/000132.png,"A breast imaging scan showing a spiculated, invasive mass indicative of a malignant breast tumor.","A medical breast imaging study revealing clear, unremarkable breast tissue consistent with a healthy scan."
/home/woojye2020/decs_jupyter_lab/MedCLIP-SAMv2/UDIAT2/test_images/000133.png,/home/woojye2020/decs_jupyter_lab/MedCLIP-SAMv2/generated_neg_output/udiat_clip_image2prompt_closedform/000133.png,"A breast mammogram identifying an irregular, dense mass consistent with a malignant tumor.","A breast imaging study showing clear, homogeneous breast tissue with no signs of pathology."
/home/woojye2020/decs_jupyter_lab/MedCLIP-SAMv2/UDIAT2/test_images/000134.png,/home/woojye2020/decs_jupyter_lab/MedCLIP-SAMv2/generated_neg_output/udiat_clip_image2prompt_closedform/000134.png,"A breast imaging study showing a poorly marginated, irregular mass indicative of a malignant tumor.","A mammogram showing no abnormalities in the breast tissue, suggestive of a normal, healthy breast."
/home/woojye2020/decs_jupyter_lab/MedCLIP-SAMv2/UDIAT2/test_images/000135.png,/home/woojye2020/decs_jupyter_lab/MedCLIP-SAMv2/generated_neg_output/udiat_clip_image2prompt_closedform/000135.png,"A breast scan showing a spiculated, invasive mass likely indicating a malignant breast tumor.","A medical breast mammogram showing clear breast tissue with no visible abnormalities, indicating a normal scan."
/home/woojye2020/decs_jupyter_lab/MedCLIP-SAMv2/UDIAT2/test_images/000136.png,/home/woojye2020/decs_jupyter_lab/MedCLIP-SAMv2/generated_neg_output/udiat_clip_image2prompt_closedform/000136.png,"A breast scan identifying a poorly circumscribed, irregular mass suggestive of a malignant breast tumor.","A mammogram revealing normal breast tissue with no visible masses, calcifications, or distortions."
/home/woojye2020/decs_jupyter_lab/MedCLIP-SAMv2/UDIAT2/test_images/000137.png,/home/woojye2020/decs_jupyter_lab/MedCLIP-SAMv2/generated_neg_output/udiat_clip_image2prompt_closedform/000137.png,"A medical breast mammogram showing an irregularly shaped, spiculated mass suggestive of a malignant breast tumor.","A mammogram revealing normal breast tissue with no visible masses, calcifications, or distortions."
/home/woojye2020/decs_jupyter_lab/MedCLIP-SAMv2/UDIAT2/test_images/000138.png,/home/woojye2020/decs_jupyter_lab/MedCLIP-SAMv2/generated_neg_output/udiat_clip_image2prompt_closedform/000138.png,"A mammogram revealing an ill-defined, irregular mass likely representing a malignant breast tumor.","A breast imaging study showing clear, homogeneous breast tissue with no signs of pathology."
/home/woojye2020/decs_jupyter_lab/MedCLIP-SAMv2/UDIAT2/test_images/000139.png,/home/woojye2020/decs_jupyter_lab/MedCLIP-SAMv2/generated_neg_output/udiat_clip_image2prompt_closedform/000139.png,"A breast imaging study showing an irregular, spiculated mass suggestive of a malignant breast tumor.","A mammogram revealing normal breast tissue with no visible masses, calcifications, or distortions."
/home/woojye2020/decs_jupyter_lab/MedCLIP-SAMv2/UDIAT2/test_images/000140.png,/home/woojye2020/decs_jupyter_lab/MedCLIP-SAMv2/generated_neg_output/udiat_clip_image2prompt_closedform/000140.png,"A breast scan showing an ill-defined, invasive mass likely representing a malignant breast tumor.","A breast imaging study showing clear, homogeneous breast tissue with no signs of pathology."
/home/woojye2020/decs_jupyter_lab/MedCLIP-SAMv2/UDIAT2/test_images/000141.png,/home/woojye2020/decs_jupyter_lab/MedCLIP-SAMv2/generated_neg_output/udiat_clip_image2prompt_closedform/000141.png,"A mammogram showing a dense, spiculated mass suggestive of a malignant breast tumor.","A mammogram showing no abnormalities in the breast tissue, suggestive of a normal, healthy breast."
/home/woojye2020/decs_jupyter_lab/MedCLIP-SAMv2/UDIAT2/test_images/000142.png,/home/woojye2020/decs_jupyter_lab/MedCLIP-SAMv2/generated_neg_output/udiat_clip_image2prompt_closedform/000142.png,"A breast imaging study showing an irregular, spiculated mass suggestive of a malignant breast tumor.","A mammogram showing no abnormalities in the breast tissue, suggestive of a normal, healthy breast."
/home/woojye2020/decs_jupyter_lab/MedCLIP-SAMv2/UDIAT2/test_images/000143.png,/home/woojye2020/decs_jupyter_lab/MedCLIP-SAMv2/generated_neg_output/udiat_clip_image2prompt_closedform/000143.png,"A medical breast mammogram showing an irregular, spiculated mass suggestive of a malignant breast tumor.","A breast mammogram showing unremarkable findings consistent with normal, healthy breast tissue."
/home/woojye2020/decs_jupyter_lab/MedCLIP-SAMv2/UDIAT2/test_images/000144.png,/home/woojye2020/decs_jupyter_lab/MedCLIP-SAMv2/generated_neg_output/udiat_clip_image2prompt_closedform/000144.png,"A breast scan showing an ill-defined, invasive mass likely representing a malignant breast tumor.","A medical breast mammogram showing clear breast tissue with no visible abnormalities, indicating a normal scan."
/home/woojye2020/decs_jupyter_lab/MedCLIP-SAMv2/UDIAT2/test_images/000145.png,/home/woojye2020/decs_jupyter_lab/MedCLIP-SAMv2/generated_neg_output/udiat_clip_image2prompt_closedform/000145.png,"A medical mammogram detecting a poorly defined, lobulated mass characteristic of a malignant breast tumor.","A medical breast mammogram showing clear breast tissue with no visible abnormalities, indicating a normal scan."
/home/woojye2020/decs_jupyter_lab/MedCLIP-SAMv2/UDIAT2/test_images/000146.png,/home/woojye2020/decs_jupyter_lab/MedCLIP-SAMv2/generated_neg_output/udiat_clip_image2prompt_closedform/000146.png,"A medical breast mammogram showing an irregular, spiculated mass suggestive of a malignant breast tumor.","A breast mammogram showing unremarkable findings consistent with normal, healthy breast tissue."
/home/woojye2020/decs_jupyter_lab/MedCLIP-SAMv2/UDIAT2/test_images/000147.png,/home/woojye2020/decs_jupyter_lab/MedCLIP-SAMv2/generated_neg_output/udiat_clip_image2prompt_closedform/000147.png,"A breast imaging study showing a poorly marginated, irregular mass indicative of a malignant tumor.",A medical mammogram displaying well-organized breast tissue with no evidence of abnormalities.
/home/woojye2020/decs_jupyter_lab/MedCLIP-SAMv2/UDIAT2/test_images/000295.png,/home/woojye2020/decs_jupyter_lab/MedCLIP-SAMv2/generated_neg_output/udiat_clip_image2prompt_closedform/000295.png,"A mammogram displaying an irregularly shaped, spiculated mass suggestive of a malignant breast tumor.","A medical breast imaging study revealing clear, unremarkable breast tissue consistent with a healthy scan."
/home/woojye2020/decs_jupyter_lab/MedCLIP-SAMv2/UDIAT2/test_images/000296.png,/home/woojye2020/decs_jupyter_lab/MedCLIP-SAMv2/generated_neg_output/udiat_clip_image2prompt_closedform/000296.png,"A medical breast mammogram showing an irregular, spiculated mass suggestive of a malignant breast tumor.",A medical mammogram displaying well-organized breast tissue with no evidence of abnormalities.
/home/woojye2020/decs_jupyter_lab/MedCLIP-SAMv2/UDIAT2/test_images/000297.png,/home/woojye2020/decs_jupyter_lab/MedCLIP-SAMv2/generated_neg_output/udiat_clip_image2prompt_closedform/000297.png,"A mammogram displaying a poorly defined, lobulated mass indicative of a malignant breast tumor.","A medical breast imaging study revealing clear, unremarkable breast tissue consistent with a healthy scan."
/home/woojye2020/decs_jupyter_lab/MedCLIP-SAMv2/UDIAT2/test_images/000298.png,/home/woojye2020/decs_jupyter_lab/MedCLIP-SAMv2/generated_neg_output/udiat_clip_image2prompt_closedform/000298.png,"A mammogram displaying a poorly defined, lobulated mass indicative of a malignant breast tumor.","A breast mammogram showing unremarkable findings consistent with normal, healthy breast tissue."
/home/woojye2020/decs_jupyter_lab/MedCLIP-SAMv2/UDIAT2/test_images/000299.png,/home/woojye2020/decs_jupyter_lab/MedCLIP-SAMv2/generated_neg_output/udiat_clip_image2prompt_closedform/000299.png,"A mammogram displaying a poorly defined, lobulated mass indicative of a malignant breast tumor.","A mammogram showing no abnormalities in the breast tissue, suggestive of a normal, healthy breast."
/home/woojye2020/decs_jupyter_lab/MedCLIP-SAMv2/UDIAT2/test_images/000300.png,/home/woojye2020/decs_jupyter_lab/MedCLIP-SAMv2/generated_neg_output/udiat_clip_image2prompt_closedform/000300.png,"A breast scan showing a spiculated, invasive mass likely indicating a malignant breast tumor.",A breast mammogram displaying normal breast structures with no signs of disease or masses.
/home/woojye2020/decs_jupyter_lab/MedCLIP-SAMv2/UDIAT2/test_images/000301.png,/home/woojye2020/decs_jupyter_lab/MedCLIP-SAMv2/generated_neg_output/udiat_clip_image2prompt_closedform/000301.png,"A medical breast mammogram detecting a spiculated, irregular mass characteristic of a malignant tumor.","A mammogram showing no abnormalities in the breast tissue, suggestive of a normal, healthy breast."
/home/woojye2020/decs_jupyter_lab/MedCLIP-SAMv2/UDIAT2/test_images/000302.png,/home/woojye2020/decs_jupyter_lab/MedCLIP-SAMv2/generated_neg_output/udiat_clip_image2prompt_closedform/000302.png,"A medical breast mammogram detecting a spiculated, irregular mass characteristic of a malignant tumor.","A breast mammogram showing unremarkable findings consistent with normal, healthy breast tissue."
/home/woojye2020/decs_jupyter_lab/MedCLIP-SAMv2/UDIAT2/test_images/000303.png,/home/woojye2020/decs_jupyter_lab/MedCLIP-SAMv2/generated_neg_output/udiat_clip_image2prompt_closedform/000303.png,"A medical breast mammogram showing an irregular, spiculated mass suggestive of a malignant breast tumor.","A breast mammogram showing unremarkable findings consistent with normal, healthy breast tissue."
/home/woojye2020/decs_jupyter_lab/MedCLIP-SAMv2/UDIAT2/test_images/000304.png,/home/woojye2020/decs_jupyter_lab/MedCLIP-SAMv2/generated_neg_output/udiat_clip_image2prompt_closedform/000304.png,"A mammogram displaying a poorly defined, lobulated mass indicative of a malignant breast tumor.","A mammogram revealing normal breast tissue with no visible masses, calcifications, or distortions."
/home/woojye2020/decs_jupyter_lab/MedCLIP-SAMv2/UDIAT2/test_images/000305.png,/home/woojye2020/decs_jupyter_lab/MedCLIP-SAMv2/generated_neg_output/udiat_clip_image2prompt_closedform/000305.png,"A medical breast mammogram detecting a spiculated, irregular mass characteristic of a malignant tumor.","A breast mammogram showing unremarkable findings consistent with normal, healthy breast tissue."
/home/woojye2020/decs_jupyter_lab/MedCLIP-SAMv2/UDIAT2/test_images/000306.png,/home/woojye2020/decs_jupyter_lab/MedCLIP-SAMv2/generated_neg_output/udiat_clip_image2prompt_closedform/000306.png,"A mammogram displaying an irregularly shaped, spiculated mass suggestive of a malignant breast tumor.",A medical breast mammogram showing healthy breast parenchyma with no suspicious findings.
/home/woojye2020/decs_jupyter_lab/MedCLIP-SAMv2/UDIAT2/test_images/000307.png,/home/woojye2020/decs_jupyter_lab/MedCLIP-SAMv2/generated_neg_output/udiat_clip_image2prompt_closedform/000307.png,"A mammogram revealing an ill-defined, irregular mass likely representing a malignant breast tumor.","A mammogram showing no abnormalities in the breast tissue, suggestive of a normal, healthy breast."
/home/woojye2020/decs_jupyter_lab/MedCLIP-SAMv2/UDIAT2/test_images/000308.png,/home/woojye2020/decs_jupyter_lab/MedCLIP-SAMv2/generated_neg_output/udiat_clip_image2prompt_closedform/000308.png,"A medical mammogram detecting a poorly defined, lobulated mass characteristic of a malignant breast tumor.","A mammogram showing no abnormalities in the breast tissue, suggestive of a normal, healthy breast."
/home/woojye2020/decs_jupyter_lab/MedCLIP-SAMv2/UDIAT2/test_images/000309.png,/home/woojye2020/decs_jupyter_lab/MedCLIP-SAMv2/generated_neg_output/udiat_clip_image2prompt_closedform/000309.png,"A mammogram revealing an ill-defined, irregular mass likely representing a malignant breast tumor.","A mammogram revealing normal breast tissue with no visible masses, calcifications, or distortions."
/home/woojye2020/decs_jupyter_lab/MedCLIP-SAMv2/UDIAT2/test_images/000310.png,/home/woojye2020/decs_jupyter_lab/MedCLIP-SAMv2/generated_neg_output/udiat_clip_image2prompt_closedform/000310.png,"A mammogram showing a dense, spiculated mass suggestive of a malignant breast tumor.","A breast imaging scan displaying normal, well-distributed breast tissue with no evidence of masses or tumors."
