filename,filename_neg,Caption,Caption_neg,logit_pos,logit_neg
/home/woojye2020/decs_jupyter_lab/MedCLIP-SAMv2/UDIAT2/test_images/000001.png,/home/woojye2020/decs_jupyter_lab/MedCLIP-SAMv2/generated_neg_output/udiat_clip_image2prompt_closedform/000001.png,A mammogram displaying a smoothly contoured mass suggestive of a benign breast tumor.,A breast mammogram displaying normal breast structures with no signs of disease or masses.,29.153871536254883,30.23546028137207
/home/woojye2020/decs_jupyter_lab/MedCLIP-SAMv2/UDIAT2/test_images/000002.png,/home/woojye2020/decs_jupyter_lab/MedCLIP-SAMv2/generated_neg_output/udiat_clip_image2prompt_closedform/000002.png,"A medical breast mammogram showing a well-defined, round mass suggestive of a benign breast tumor.","A breast imaging scan displaying normal, well-distributed breast tissue with no evidence of masses or tumors.",49.39821243286133,34.21512985229492
/home/woojye2020/decs_jupyter_lab/MedCLIP-SAMv2/UDIAT2/test_images/000003.png,/home/woojye2020/decs_jupyter_lab/MedCLIP-SAMv2/generated_neg_output/udiat_clip_image2prompt_closedform/000003.png,"A breast imaging scan showing a well-circumscribed, smooth mass indicative of a benign breast tumor.","A mammogram showing no abnormalities in the breast tissue, suggestive of a normal, healthy breast.",34.97233963012695,13.289280891418457
/home/woojye2020/decs_jupyter_lab/MedCLIP-SAMv2/UDIAT2/test_images/000004.png,/home/woojye2020/decs_jupyter_lab/MedCLIP-SAMv2/generated_neg_output/udiat_clip_image2prompt_closedform/000004.png,"A mammogram showing a sharply marginated, round mass suggestive of a benign breast tumor.",A breast mammogram displaying normal breast structures with no signs of disease or masses.,13.131397247314453,29.75960350036621
/home/woojye2020/decs_jupyter_lab/MedCLIP-SAMv2/UDIAT2/test_images/000005.png,/home/woojye2020/decs_jupyter_lab/MedCLIP-SAMv2/generated_neg_output/udiat_clip_image2prompt_closedform/000005.png,"A breast scan showing a smooth, encapsulated mass likely representing a benign breast tumor.",A breast mammogram displaying normal breast structures with no signs of disease or masses.,38.088497161865234,34.32841491699219
/home/woojye2020/decs_jupyter_lab/MedCLIP-SAMv2/UDIAT2/test_images/000006.png,/home/woojye2020/decs_jupyter_lab/MedCLIP-SAMv2/generated_neg_output/udiat_clip_image2prompt_closedform/000006.png,"A medical breast mammogram detecting a non-aggressive, well-defined mass characteristic of a benign tumor.","A mammogram revealing normal breast tissue with no visible masses, calcifications, or distortions.",31.140966415405273,9.021913528442383
/home/woojye2020/decs_jupyter_lab/MedCLIP-SAMv2/UDIAT2/test_images/000007.png,/home/woojye2020/decs_jupyter_lab/MedCLIP-SAMv2/generated_neg_output/udiat_clip_image2prompt_closedform/000007.png,"A medical breast mammogram showing a smooth, well-circumscribed mass suggestive of a benign breast tumor.","A medical breast mammogram showing clear breast tissue with no visible abnormalities, indicating a normal scan.",24.745622634887695,26.908283233642578
/home/woojye2020/decs_jupyter_lab/MedCLIP-SAMv2/UDIAT2/test_images/000008.png,/home/woojye2020/decs_jupyter_lab/MedCLIP-SAMv2/generated_neg_output/udiat_clip_image2prompt_closedform/000008.png,"A mammogram displaying a round, homogeneous mass indicative of a benign breast tumor.","A mammogram showing no abnormalities in the breast tissue, suggestive of a normal, healthy breast.",43.766746520996094,35.95534896850586
/home/woojye2020/decs_jupyter_lab/MedCLIP-SAMv2/UDIAT2/test_images/000009.png,/home/woojye2020/decs_jupyter_lab/MedCLIP-SAMv2/generated_neg_output/udiat_clip_image2prompt_closedform/000009.png,"A breast imaging scan showing a well-circumscribed, smooth mass indicative of a benign breast tumor.",A medical mammogram displaying well-organized breast tissue with no evidence of abnormalities.,22.65188980102539,27.643638610839844
/home/woojye2020/decs_jupyter_lab/MedCLIP-SAMv2/UDIAT2/test_images/000010.png,/home/woojye2020/decs_jupyter_lab/MedCLIP-SAMv2/generated_neg_output/udiat_clip_image2prompt_closedform/000010.png,"A breast imaging study revealing a well-marginated, round mass indicative of a benign breast tumor.","A medical breast mammogram showing clear breast tissue with no visible abnormalities, indicating a normal scan.",26.754844665527344,28.880857467651367
/home/woojye2020/decs_jupyter_lab/MedCLIP-SAMv2/UDIAT2/test_images/000011.png,/home/woojye2020/decs_jupyter_lab/MedCLIP-SAMv2/generated_neg_output/udiat_clip_image2prompt_closedform/000011.png,"A breast scan showing a smooth, encapsulated mass likely representing a benign breast tumor.","A mammogram showing no abnormalities in the breast tissue, suggestive of a normal, healthy breast.",34.61031723022461,29.623565673828125
/home/woojye2020/decs_jupyter_lab/MedCLIP-SAMv2/UDIAT2/test_images/000012.png,/home/woojye2020/decs_jupyter_lab/MedCLIP-SAMv2/generated_neg_output/udiat_clip_image2prompt_closedform/000012.png,A mammogram displaying a smoothly contoured mass suggestive of a benign breast tumor.,A medical mammogram displaying well-organized breast tissue with no evidence of abnormalities.,32.335304260253906,34.645782470703125
/home/woojye2020/decs_jupyter_lab/MedCLIP-SAMv2/UDIAT2/test_images/000013.png,/home/woojye2020/decs_jupyter_lab/MedCLIP-SAMv2/generated_neg_output/udiat_clip_image2prompt_closedform/000013.png,"A breast mammogram identifying a well-encapsulated, smooth mass consistent with a benign tumor.","A mammogram showing no abnormalities in the breast tissue, suggestive of a normal, healthy breast.",33.28562927246094,33.10570526123047
/home/woojye2020/decs_jupyter_lab/MedCLIP-SAMv2/UDIAT2/test_images/000014.png,/home/woojye2020/decs_jupyter_lab/MedCLIP-SAMv2/generated_neg_output/udiat_clip_image2prompt_closedform/000014.png,"A medical mammogram revealing a well-defined, non-irregular mass suggestive of a benign breast tumor.","A breast mammogram showing unremarkable findings consistent with normal, healthy breast tissue.",23.74575424194336,32.378570556640625
/home/woojye2020/decs_jupyter_lab/MedCLIP-SAMv2/UDIAT2/test_images/000015.png,/home/woojye2020/decs_jupyter_lab/MedCLIP-SAMv2/generated_neg_output/udiat_clip_image2prompt_closedform/000015.png,"A mammogram revealing a low-density, well-delineated mass likely representing a benign breast tumor.","A medical breast mammogram showing clear breast tissue with no visible abnormalities, indicating a normal scan.",37.65459060668945,22.155574798583984
/home/woojye2020/decs_jupyter_lab/MedCLIP-SAMv2/UDIAT2/test_images/000016.png,/home/woojye2020/decs_jupyter_lab/MedCLIP-SAMv2/generated_neg_output/udiat_clip_image2prompt_closedform/000016.png,"A breast scan identifying a well-defined, oval mass suggestive of a benign breast tumor.","A mammogram revealing normal breast tissue with no visible masses, calcifications, or distortions.",31.91609764099121,28.950824737548828
/home/woojye2020/decs_jupyter_lab/MedCLIP-SAMv2/UDIAT2/test_images/000017.png,/home/woojye2020/decs_jupyter_lab/MedCLIP-SAMv2/generated_neg_output/udiat_clip_image2prompt_closedform/000017.png,"A medical mammogram detecting a smooth, well-defined mass characteristic of a benign breast tumor.","A breast imaging scan displaying normal, well-distributed breast tissue with no evidence of masses or tumors.",20.135807037353516,27.817626953125
/home/woojye2020/decs_jupyter_lab/MedCLIP-SAMv2/UDIAT2/test_images/000018.png,/home/woojye2020/decs_jupyter_lab/MedCLIP-SAMv2/generated_neg_output/udiat_clip_image2prompt_closedform/000018.png,"A mammogram showing a dense, spiculated mass suggestive of a malignant breast tumor.","A mammogram showing no abnormalities in the breast tissue, suggestive of a normal, healthy breast.",50.526031494140625,35.91331481933594
/home/woojye2020/decs_jupyter_lab/MedCLIP-SAMv2/UDIAT2/test_images/000019.png,/home/woojye2020/decs_jupyter_lab/MedCLIP-SAMv2/generated_neg_output/udiat_clip_image2prompt_closedform/000019.png,"A medical mammogram detecting a smooth, well-defined mass characteristic of a benign breast tumor.",A breast mammogram displaying normal breast structures with no signs of disease or masses.,19.84321403503418,33.733055114746094
/home/woojye2020/decs_jupyter_lab/MedCLIP-SAMv2/UDIAT2/test_images/000020.png,/home/woojye2020/decs_jupyter_lab/MedCLIP-SAMv2/generated_neg_output/udiat_clip_image2prompt_closedform/000020.png,"A mammogram displaying a round, homogeneous mass indicative of a benign breast tumor.","A mammogram revealing normal breast tissue with no visible masses, calcifications, or distortions.",36.59131622314453,31.138952255249023
/home/woojye2020/decs_jupyter_lab/MedCLIP-SAMv2/UDIAT2/test_images/000021.png,/home/woojye2020/decs_jupyter_lab/MedCLIP-SAMv2/generated_neg_output/udiat_clip_image2prompt_closedform/000021.png,"A breast imaging study revealing a well-defined, encapsulated mass likely representing a benign breast tumor.",A medical breast mammogram showing healthy breast parenchyma with no suspicious findings.,42.3015022277832,39.04251480102539
/home/woojye2020/decs_jupyter_lab/MedCLIP-SAMv2/UDIAT2/test_images/000022.png,/home/woojye2020/decs_jupyter_lab/MedCLIP-SAMv2/generated_neg_output/udiat_clip_image2prompt_closedform/000022.png,"A mammogram displaying a non-invasive, well-defined mass suggestive of a benign breast tumor.","A breast mammogram showing unremarkable findings consistent with normal, healthy breast tissue.",42.5697021484375,39.52716827392578
/home/woojye2020/decs_jupyter_lab/MedCLIP-SAMv2/UDIAT2/test_images/000023.png,/home/woojye2020/decs_jupyter_lab/MedCLIP-SAMv2/generated_neg_output/udiat_clip_image2prompt_closedform/000023.png,"A mammogram revealing an ill-defined, irregular mass likely representing a malignant breast tumor.","A medical breast mammogram showing clear breast tissue with no visible abnormalities, indicating a normal scan.",36.37080383300781,31.43804359436035
/home/woojye2020/decs_jupyter_lab/MedCLIP-SAMv2/UDIAT2/test_images/000024.png,/home/woojye2020/decs_jupyter_lab/MedCLIP-SAMv2/generated_neg_output/udiat_clip_image2prompt_closedform/000024.png,"A medical mammogram revealing a spiculated, invasive mass suggestive of a malignant breast tumor.",A medical mammogram displaying well-organized breast tissue with no evidence of abnormalities.,34.04902648925781,29.729084014892578
/home/woojye2020/decs_jupyter_lab/MedCLIP-SAMv2/UDIAT2/test_images/000025.png,/home/woojye2020/decs_jupyter_lab/MedCLIP-SAMv2/generated_neg_output/udiat_clip_image2prompt_closedform/000025.png,"A breast imaging study revealing an irregularly shaped, invasive mass likely representing a malignant breast tumor.","A mammogram revealing normal breast tissue with no visible masses, calcifications, or distortions.",34.4630012512207,36.51456069946289
/home/woojye2020/decs_jupyter_lab/MedCLIP-SAMv2/UDIAT2/test_images/000026.png,/home/woojye2020/decs_jupyter_lab/MedCLIP-SAMv2/generated_neg_output/udiat_clip_image2prompt_closedform/000026.png,"A mammogram displaying a round, homogeneous mass indicative of a benign breast tumor.",A medical mammogram displaying well-organized breast tissue with no evidence of abnormalities.,36.40858459472656,31.978662490844727
/home/woojye2020/decs_jupyter_lab/MedCLIP-SAMv2/UDIAT2/test_images/000027.png,/home/woojye2020/decs_jupyter_lab/MedCLIP-SAMv2/generated_neg_output/udiat_clip_image2prompt_closedform/000027.png,"A breast imaging study showing an irregular, spiculated mass suggestive of a malignant breast tumor.","A breast mammogram showing unremarkable findings consistent with normal, healthy breast tissue.",31.440582275390625,20.404905319213867
/home/woojye2020/decs_jupyter_lab/MedCLIP-SAMv2/UDIAT2/test_images/000028.png,/home/woojye2020/decs_jupyter_lab/MedCLIP-SAMv2/generated_neg_output/udiat_clip_image2prompt_closedform/000028.png,"A mammogram displaying an irregular, non-homogeneous mass suggestive of a malignant breast tumor.","A breast mammogram showing unremarkable findings consistent with normal, healthy breast tissue.",44.53390884399414,35.12798309326172
/home/woojye2020/decs_jupyter_lab/MedCLIP-SAMv2/UDIAT2/test_images/000029.png,/home/woojye2020/decs_jupyter_lab/MedCLIP-SAMv2/generated_neg_output/udiat_clip_image2prompt_closedform/000029.png,"A medical breast mammogram displaying a heterogeneous, irregular mass consistent with a malignant tumor.",A breast mammogram displaying normal breast structures with no signs of disease or masses.,32.19291305541992,34.75763702392578
/home/woojye2020/decs_jupyter_lab/MedCLIP-SAMv2/UDIAT2/test_images/000030.png,/home/woojye2020/decs_jupyter_lab/MedCLIP-SAMv2/generated_neg_output/udiat_clip_image2prompt_closedform/000030.png,"A medical breast mammogram showing an irregular, spiculated mass suggestive of a malignant breast tumor.","A mammogram showing no abnormalities in the breast tissue, suggestive of a normal, healthy breast.",36.26925277709961,31.933570861816406
/home/woojye2020/decs_jupyter_lab/MedCLIP-SAMv2/UDIAT2/test_images/000031.png,/home/woojye2020/decs_jupyter_lab/MedCLIP-SAMv2/generated_neg_output/udiat_clip_image2prompt_closedform/000031.png,"A breast imaging study showing an irregular, spiculated mass suggestive of a malignant breast tumor.",A breast mammogram displaying normal breast structures with no signs of disease or masses.,22.199161529541016,32.807464599609375
/home/woojye2020/decs_jupyter_lab/MedCLIP-SAMv2/UDIAT2/test_images/000032.png,/home/woojye2020/decs_jupyter_lab/MedCLIP-SAMv2/generated_neg_output/udiat_clip_image2prompt_closedform/000032.png,"A breast imaging scan showing a well-circumscribed, smooth mass indicative of a benign breast tumor.",A breast mammogram displaying normal breast structures with no signs of disease or masses.,38.000240325927734,31.586654663085938
/home/woojye2020/decs_jupyter_lab/MedCLIP-SAMv2/UDIAT2/test_images/000033.png,/home/woojye2020/decs_jupyter_lab/MedCLIP-SAMv2/generated_neg_output/udiat_clip_image2prompt_closedform/000033.png,"A breast scan showing a well-contained, round mass likely indicating a benign breast tumor.","A breast imaging scan displaying normal, well-distributed breast tissue with no evidence of masses or tumors.",18.32001495361328,25.590343475341797
/home/woojye2020/decs_jupyter_lab/MedCLIP-SAMv2/UDIAT2/test_images/000034.png,/home/woojye2020/decs_jupyter_lab/MedCLIP-SAMv2/generated_neg_output/udiat_clip_image2prompt_closedform/000034.png,"A medical mammogram revealing a well-defined, non-irregular mass suggestive of a benign breast tumor.",A medical breast mammogram showing healthy breast parenchyma with no suspicious findings.,32.9560432434082,30.336944580078125
/home/woojye2020/decs_jupyter_lab/MedCLIP-SAMv2/UDIAT2/test_images/000035.png,/home/woojye2020/decs_jupyter_lab/MedCLIP-SAMv2/generated_neg_output/udiat_clip_image2prompt_closedform/000035.png,"A breast scan identifying a well-defined, oval mass suggestive of a benign breast tumor.",A medical breast mammogram showing healthy breast parenchyma with no suspicious findings.,33.978546142578125,26.903892517089844
/home/woojye2020/decs_jupyter_lab/MedCLIP-SAMv2/UDIAT2/test_images/000036.png,/home/woojye2020/decs_jupyter_lab/MedCLIP-SAMv2/generated_neg_output/udiat_clip_image2prompt_closedform/000036.png,"A mammogram displaying a non-invasive, well-defined mass suggestive of a benign breast tumor.","A mammogram showing no abnormalities in the breast tissue, suggestive of a normal, healthy breast.",13.079712867736816,35.50965881347656
/home/woojye2020/decs_jupyter_lab/MedCLIP-SAMv2/UDIAT2/test_images/000037.png,/home/woojye2020/decs_jupyter_lab/MedCLIP-SAMv2/generated_neg_output/udiat_clip_image2prompt_closedform/000037.png,"A mammogram revealing a low-density, well-delineated mass likely representing a benign breast tumor.",A breast mammogram displaying normal breast structures with no signs of disease or masses.,21.432281494140625,33.307865142822266
/home/woojye2020/decs_jupyter_lab/MedCLIP-SAMv2/UDIAT2/test_images/000038.png,/home/woojye2020/decs_jupyter_lab/MedCLIP-SAMv2/generated_neg_output/udiat_clip_image2prompt_closedform/000038.png,"A breast imaging study revealing a well-marginated, round mass indicative of a benign breast tumor.","A medical breast imaging study revealing clear, unremarkable breast tissue consistent with a healthy scan.",25.45039939880371,21.704957962036133
/home/woojye2020/decs_jupyter_lab/MedCLIP-SAMv2/UDIAT2/test_images/000039.png,/home/woojye2020/decs_jupyter_lab/MedCLIP-SAMv2/generated_neg_output/udiat_clip_image2prompt_closedform/000039.png,"A breast scan showing a smooth, encapsulated mass likely representing a benign breast tumor.","A mammogram showing no abnormalities in the breast tissue, suggestive of a normal, healthy breast.",31.511980056762695,32.749366760253906
/home/woojye2020/decs_jupyter_lab/MedCLIP-SAMv2/UDIAT2/test_images/000040.png,/home/woojye2020/decs_jupyter_lab/MedCLIP-SAMv2/generated_neg_output/udiat_clip_image2prompt_closedform/000040.png,"A breast scan identifying a well-defined, oval mass suggestive of a benign breast tumor.","A breast imaging study showing clear, homogeneous breast tissue with no signs of pathology.",37.884521484375,32.63798522949219
/home/woojye2020/decs_jupyter_lab/MedCLIP-SAMv2/UDIAT2/test_images/000041.png,/home/woojye2020/decs_jupyter_lab/MedCLIP-SAMv2/generated_neg_output/udiat_clip_image2prompt_closedform/000041.png,"A breast scan showing a spiculated, invasive mass likely indicating a malignant breast tumor.","A breast imaging scan displaying normal, well-distributed breast tissue with no evidence of masses or tumors.",38.67262649536133,27.386396408081055
/home/woojye2020/decs_jupyter_lab/MedCLIP-SAMv2/UDIAT2/test_images/000042.png,/home/woojye2020/decs_jupyter_lab/MedCLIP-SAMv2/generated_neg_output/udiat_clip_image2prompt_closedform/000042.png,A mammogram displaying a smoothly contoured mass suggestive of a benign breast tumor.,A medical mammogram displaying well-organized breast tissue with no evidence of abnormalities.,21.853609085083008,26.969358444213867
/home/woojye2020/decs_jupyter_lab/MedCLIP-SAMv2/UDIAT2/test_images/000043.png,/home/woojye2020/decs_jupyter_lab/MedCLIP-SAMv2/generated_neg_output/udiat_clip_image2prompt_closedform/000043.png,"A breast imaging scan showing a spiculated, invasive mass indicative of a malignant breast tumor.",A medical breast mammogram showing healthy breast parenchyma with no suspicious findings.,42.98843765258789,31.036588668823242
/home/woojye2020/decs_jupyter_lab/MedCLIP-SAMv2/UDIAT2/test_images/000044.png,/home/woojye2020/decs_jupyter_lab/MedCLIP-SAMv2/generated_neg_output/udiat_clip_image2prompt_closedform/000044.png,"A medical breast mammogram showing an irregular, spiculated mass suggestive of a malignant breast tumor.","A mammogram showing no abnormalities in the breast tissue, suggestive of a normal, healthy breast.",41.97074890136719,12.274825096130371
/home/woojye2020/decs_jupyter_lab/MedCLIP-SAMv2/UDIAT2/test_images/000045.png,/home/woojye2020/decs_jupyter_lab/MedCLIP-SAMv2/generated_neg_output/udiat_clip_image2prompt_closedform/000045.png,"A medical breast mammogram showing an irregular, spiculated mass suggestive of a malignant breast tumor.",A medical breast mammogram showing healthy breast parenchyma with no suspicious findings.,35.251155853271484,33.085845947265625
/home/woojye2020/decs_jupyter_lab/MedCLIP-SAMv2/UDIAT2/test_images/000046.png,/home/woojye2020/decs_jupyter_lab/MedCLIP-SAMv2/generated_neg_output/udiat_clip_image2prompt_closedform/000046.png,"A breast scan showing a spiculated, invasive mass likely indicating a malignant breast tumor.","A breast imaging scan displaying normal, well-distributed breast tissue with no evidence of masses or tumors.",16.507904052734375,36.74500274658203
/home/woojye2020/decs_jupyter_lab/MedCLIP-SAMv2/UDIAT2/test_images/000047.png,/home/woojye2020/decs_jupyter_lab/MedCLIP-SAMv2/generated_neg_output/udiat_clip_image2prompt_closedform/000047.png,"A mammogram displaying a poorly defined, lobulated mass indicative of a malignant breast tumor.","A mammogram showing no abnormalities in the breast tissue, suggestive of a normal, healthy breast.",34.91512680053711,36.59621810913086
/home/woojye2020/decs_jupyter_lab/MedCLIP-SAMv2/UDIAT2/test_images/000048.png,/home/woojye2020/decs_jupyter_lab/MedCLIP-SAMv2/generated_neg_output/udiat_clip_image2prompt_closedform/000048.png,"A medical breast mammogram detecting a spiculated, irregular mass characteristic of a malignant tumor.",A medical breast mammogram showing healthy breast parenchyma with no suspicious findings.,15.761089324951172,29.029613494873047
/home/woojye2020/decs_jupyter_lab/MedCLIP-SAMv2/UDIAT2/test_images/000049.png,/home/woojye2020/decs_jupyter_lab/MedCLIP-SAMv2/generated_neg_output/udiat_clip_image2prompt_closedform/000049.png,"A medical breast mammogram displaying a heterogeneous, irregular mass consistent with a malignant tumor.","A breast imaging study showing clear, homogeneous breast tissue with no signs of pathology.",36.389060974121094,30.105192184448242
/home/woojye2020/decs_jupyter_lab/MedCLIP-SAMv2/UDIAT2/test_images/000050.png,/home/woojye2020/decs_jupyter_lab/MedCLIP-SAMv2/generated_neg_output/udiat_clip_image2prompt_closedform/000050.png,"A breast scan showing a spiculated, invasive mass likely indicating a malignant breast tumor.","A breast imaging study showing clear, homogeneous breast tissue with no signs of pathology.",38.178253173828125,36.19603729248047
/home/woojye2020/decs_jupyter_lab/MedCLIP-SAMv2/UDIAT2/test_images/000051.png,/home/woojye2020/decs_jupyter_lab/MedCLIP-SAMv2/generated_neg_output/udiat_clip_image2prompt_closedform/000051.png,"A mammogram showing a sharply marginated, round mass suggestive of a benign breast tumor.","A breast imaging scan displaying normal, well-distributed breast tissue with no evidence of masses or tumors.",40.05832290649414,34.1307258605957
/home/woojye2020/decs_jupyter_lab/MedCLIP-SAMv2/UDIAT2/test_images/000052.png,/home/woojye2020/decs_jupyter_lab/MedCLIP-SAMv2/generated_neg_output/udiat_clip_image2prompt_closedform/000052.png,"A mammogram showing a sharply marginated, round mass suggestive of a benign breast tumor.","A mammogram showing no abnormalities in the breast tissue, suggestive of a normal, healthy breast.",45.32752990722656,27.82375144958496
/home/woojye2020/decs_jupyter_lab/MedCLIP-SAMv2/UDIAT2/test_images/000053.png,/home/woojye2020/decs_jupyter_lab/MedCLIP-SAMv2/generated_neg_output/udiat_clip_image2prompt_closedform/000053.png,"A breast scan showing an ill-defined, invasive mass likely representing a malignant breast tumor.",A medical mammogram displaying well-organized breast tissue with no evidence of abnormalities.,30.956666946411133,18.729717254638672
/home/woojye2020/decs_jupyter_lab/MedCLIP-SAMv2/UDIAT2/test_images/000054.png,/home/woojye2020/decs_jupyter_lab/MedCLIP-SAMv2/generated_neg_output/udiat_clip_image2prompt_closedform/000054.png,"A mammogram revealing an ill-defined, irregular mass likely representing a malignant breast tumor.","A breast mammogram showing unremarkable findings consistent with normal, healthy breast tissue.",44.0280876159668,34.55270004272461
/home/woojye2020/decs_jupyter_lab/MedCLIP-SAMv2/UDIAT2/test_images/000055.png,/home/woojye2020/decs_jupyter_lab/MedCLIP-SAMv2/generated_neg_output/udiat_clip_image2prompt_closedform/000055.png,"A breast mammogram identifying an irregular, dense mass consistent with a malignant tumor.","A breast mammogram showing unremarkable findings consistent with normal, healthy breast tissue.",28.87848663330078,24.803754806518555
/home/woojye2020/decs_jupyter_lab/MedCLIP-SAMv2/UDIAT2/test_images/000056.png,/home/woojye2020/decs_jupyter_lab/MedCLIP-SAMv2/generated_neg_output/udiat_clip_image2prompt_closedform/000056.png,"A breast scan showing a well-contained, round mass likely indicating a benign breast tumor.",A medical breast mammogram showing healthy breast parenchyma with no suspicious findings.,38.053863525390625,32.063690185546875
/home/woojye2020/decs_jupyter_lab/MedCLIP-SAMv2/UDIAT2/test_images/000057.png,/home/woojye2020/decs_jupyter_lab/MedCLIP-SAMv2/generated_neg_output/udiat_clip_image2prompt_closedform/000057.png,"A breast imaging scan showing a spiculated, invasive mass indicative of a malignant breast tumor.","A medical breast imaging study revealing clear, unremarkable breast tissue consistent with a healthy scan.",38.749332427978516,28.51304817199707
/home/woojye2020/decs_jupyter_lab/MedCLIP-SAMv2/UDIAT2/test_images/000058.png,/home/woojye2020/decs_jupyter_lab/MedCLIP-SAMv2/generated_neg_output/udiat_clip_image2prompt_closedform/000058.png,"A mammogram displaying a non-spiculated, round mass suggestive of a benign breast tumor.","A breast imaging study showing clear, homogeneous breast tissue with no signs of pathology.",41.48328399658203,37.04884719848633
/home/woojye2020/decs_jupyter_lab/MedCLIP-SAMv2/UDIAT2/test_images/000059.png,/home/woojye2020/decs_jupyter_lab/MedCLIP-SAMv2/generated_neg_output/udiat_clip_image2prompt_closedform/000059.png,"A mammogram displaying a round, homogeneous mass indicative of a benign breast tumor.","A medical breast mammogram showing clear breast tissue with no visible abnormalities, indicating a normal scan.",34.90861129760742,36.45302963256836
/home/woojye2020/decs_jupyter_lab/MedCLIP-SAMv2/UDIAT2/test_images/000060.png,/home/woojye2020/decs_jupyter_lab/MedCLIP-SAMv2/generated_neg_output/udiat_clip_image2prompt_closedform/000060.png,"A breast imaging study revealing a well-defined, encapsulated mass likely representing a benign breast tumor.","A medical breast imaging study revealing clear, unremarkable breast tissue consistent with a healthy scan.",32.95868682861328,34.41341781616211
/home/woojye2020/decs_jupyter_lab/MedCLIP-SAMv2/UDIAT2/test_images/000061.png,/home/woojye2020/decs_jupyter_lab/MedCLIP-SAMv2/generated_neg_output/udiat_clip_image2prompt_closedform/000061.png,A mammogram displaying a smoothly contoured mass suggestive of a benign breast tumor.,"A medical breast imaging study revealing clear, unremarkable breast tissue consistent with a healthy scan.",38.041255950927734,29.285322189331055
/home/woojye2020/decs_jupyter_lab/MedCLIP-SAMv2/UDIAT2/test_images/000062.png,/home/woojye2020/decs_jupyter_lab/MedCLIP-SAMv2/generated_neg_output/udiat_clip_image2prompt_closedform/000062.png,"A breast mammogram identifying a well-encapsulated, smooth mass consistent with a benign tumor.","A breast mammogram showing unremarkable findings consistent with normal, healthy breast tissue.",37.740970611572266,29.39543914794922
/home/woojye2020/decs_jupyter_lab/MedCLIP-SAMv2/UDIAT2/test_images/000063.png,/home/woojye2020/decs_jupyter_lab/MedCLIP-SAMv2/generated_neg_output/udiat_clip_image2prompt_closedform/000063.png,"A mammogram displaying a round, homogeneous mass indicative of a benign breast tumor.","A mammogram revealing normal breast tissue with no visible masses, calcifications, or distortions.",38.10198211669922,39.8115119934082
/home/woojye2020/decs_jupyter_lab/MedCLIP-SAMv2/UDIAT2/test_images/000064.png,/home/woojye2020/decs_jupyter_lab/MedCLIP-SAMv2/generated_neg_output/udiat_clip_image2prompt_closedform/000064.png,"A breast scan showing a well-contained, round mass likely indicating a benign breast tumor.","A breast mammogram showing unremarkable findings consistent with normal, healthy breast tissue.",46.96654510498047,29.648157119750977
/home/woojye2020/decs_jupyter_lab/MedCLIP-SAMv2/UDIAT2/test_images/000065.png,/home/woojye2020/decs_jupyter_lab/MedCLIP-SAMv2/generated_neg_output/udiat_clip_image2prompt_closedform/000065.png,"A medical mammogram revealing a well-defined, non-irregular mass suggestive of a benign breast tumor.",A medical mammogram displaying well-organized breast tissue with no evidence of abnormalities.,26.551889419555664,34.608970642089844
/home/woojye2020/decs_jupyter_lab/MedCLIP-SAMv2/UDIAT2/test_images/000066.png,/home/woojye2020/decs_jupyter_lab/MedCLIP-SAMv2/generated_neg_output/udiat_clip_image2prompt_closedform/000066.png,"A mammogram revealing a low-density, well-delineated mass likely representing a benign breast tumor.",A medical mammogram displaying well-organized breast tissue with no evidence of abnormalities.,36.18524169921875,33.11992263793945
/home/woojye2020/decs_jupyter_lab/MedCLIP-SAMv2/UDIAT2/test_images/000067.png,/home/woojye2020/decs_jupyter_lab/MedCLIP-SAMv2/generated_neg_output/udiat_clip_image2prompt_closedform/000067.png,"A medical breast mammogram showing a well-defined, round mass suggestive of a benign breast tumor.",A breast mammogram displaying normal breast structures with no signs of disease or masses.,13.70433521270752,23.44750213623047
/home/woojye2020/decs_jupyter_lab/MedCLIP-SAMv2/UDIAT2/test_images/000068.png,/home/woojye2020/decs_jupyter_lab/MedCLIP-SAMv2/generated_neg_output/udiat_clip_image2prompt_closedform/000068.png,"A breast scan showing a smooth, encapsulated mass likely representing a benign breast tumor.","A breast imaging scan displaying normal, well-distributed breast tissue with no evidence of masses or tumors.",39.34718704223633,33.568363189697266
/home/woojye2020/decs_jupyter_lab/MedCLIP-SAMv2/UDIAT2/test_images/000069.png,/home/woojye2020/decs_jupyter_lab/MedCLIP-SAMv2/generated_neg_output/udiat_clip_image2prompt_closedform/000069.png,A mammogram displaying a smoothly contoured mass suggestive of a benign breast tumor.,A medical breast mammogram showing healthy breast parenchyma with no suspicious findings.,26.09320831298828,33.48165512084961
/home/woojye2020/decs_jupyter_lab/MedCLIP-SAMv2/UDIAT2/test_images/000070.png,/home/woojye2020/decs_jupyter_lab/MedCLIP-SAMv2/generated_neg_output/udiat_clip_image2prompt_closedform/000070.png,"A breast imaging study revealing a well-defined, encapsulated mass likely representing a benign breast tumor.","A breast imaging scan displaying normal, well-distributed breast tissue with no evidence of masses or tumors.",42.069000244140625,32.412391662597656
/home/woojye2020/decs_jupyter_lab/MedCLIP-SAMv2/UDIAT2/test_images/000071.png,/home/woojye2020/decs_jupyter_lab/MedCLIP-SAMv2/generated_neg_output/udiat_clip_image2prompt_closedform/000071.png,"A breast mammogram identifying a well-encapsulated, smooth mass consistent with a benign tumor.","A medical breast imaging study revealing clear, unremarkable breast tissue consistent with a healthy scan.",28.735334396362305,35.65009307861328
/home/woojye2020/decs_jupyter_lab/MedCLIP-SAMv2/UDIAT2/test_images/000072.png,/home/woojye2020/decs_jupyter_lab/MedCLIP-SAMv2/generated_neg_output/udiat_clip_image2prompt_closedform/000072.png,"A medical mammogram revealing a well-defined, non-irregular mass suggestive of a benign breast tumor.","A medical breast mammogram showing clear breast tissue with no visible abnormalities, indicating a normal scan.",28.527128219604492,35.759368896484375
/home/woojye2020/decs_jupyter_lab/MedCLIP-SAMv2/UDIAT2/test_images/000073.png,/home/woojye2020/decs_jupyter_lab/MedCLIP-SAMv2/generated_neg_output/udiat_clip_image2prompt_closedform/000073.png,"A mammogram revealing a low-density, well-delineated mass likely representing a benign breast tumor.",A medical mammogram displaying well-organized breast tissue with no evidence of abnormalities.,32.36905288696289,33.96923065185547
/home/woojye2020/decs_jupyter_lab/MedCLIP-SAMv2/UDIAT2/test_images/000074.png,/home/woojye2020/decs_jupyter_lab/MedCLIP-SAMv2/generated_neg_output/udiat_clip_image2prompt_closedform/000074.png,"A breast scan identifying a well-defined, oval mass suggestive of a benign breast tumor.",A medical mammogram displaying well-organized breast tissue with no evidence of abnormalities.,37.29567337036133,39.371055603027344
/home/woojye2020/decs_jupyter_lab/MedCLIP-SAMv2/UDIAT2/test_images/000075.png,/home/woojye2020/decs_jupyter_lab/MedCLIP-SAMv2/generated_neg_output/udiat_clip_image2prompt_closedform/000075.png,"A breast imaging study revealing a well-defined, encapsulated mass likely representing a benign breast tumor.","A breast imaging scan displaying normal, well-distributed breast tissue with no evidence of masses or tumors.",43.45238494873047,35.817684173583984
/home/woojye2020/decs_jupyter_lab/MedCLIP-SAMv2/UDIAT2/test_images/000076.png,/home/woojye2020/decs_jupyter_lab/MedCLIP-SAMv2/generated_neg_output/udiat_clip_image2prompt_closedform/000076.png,A mammogram displaying a smoothly contoured mass suggestive of a benign breast tumor.,A medical mammogram displaying well-organized breast tissue with no evidence of abnormalities.,34.52426528930664,34.15940475463867
/home/woojye2020/decs_jupyter_lab/MedCLIP-SAMv2/UDIAT2/test_images/000077.png,/home/woojye2020/decs_jupyter_lab/MedCLIP-SAMv2/generated_neg_output/udiat_clip_image2prompt_closedform/000077.png,"A breast imaging study revealing a well-marginated, round mass indicative of a benign breast tumor.","A mammogram showing no abnormalities in the breast tissue, suggestive of a normal, healthy breast.",32.82604217529297,28.14973258972168
/home/woojye2020/decs_jupyter_lab/MedCLIP-SAMv2/UDIAT2/test_images/000078.png,/home/woojye2020/decs_jupyter_lab/MedCLIP-SAMv2/generated_neg_output/udiat_clip_image2prompt_closedform/000078.png,"A mammogram showing a sharply marginated, round mass suggestive of a benign breast tumor.",A medical breast mammogram showing healthy breast parenchyma with no suspicious findings.,30.01628875732422,34.67873001098633
/home/woojye2020/decs_jupyter_lab/MedCLIP-SAMv2/UDIAT2/test_images/000079.png,/home/woojye2020/decs_jupyter_lab/MedCLIP-SAMv2/generated_neg_output/udiat_clip_image2prompt_closedform/000079.png,"A breast scan identifying a well-defined, oval mass suggestive of a benign breast tumor.",A medical mammogram displaying well-organized breast tissue with no evidence of abnormalities.,27.619659423828125,33.724674224853516
/home/woojye2020/decs_jupyter_lab/MedCLIP-SAMv2/UDIAT2/test_images/000080.png,/home/woojye2020/decs_jupyter_lab/MedCLIP-SAMv2/generated_neg_output/udiat_clip_image2prompt_closedform/000080.png,"A mammogram displaying a non-spiculated, round mass suggestive of a benign breast tumor.","A medical breast mammogram showing clear breast tissue with no visible abnormalities, indicating a normal scan.",34.27854919433594,38.87891387939453
/home/woojye2020/decs_jupyter_lab/MedCLIP-SAMv2/UDIAT2/test_images/000081.png,/home/woojye2020/decs_jupyter_lab/MedCLIP-SAMv2/generated_neg_output/udiat_clip_image2prompt_closedform/000081.png,"A breast imaging study revealing a well-marginated, round mass indicative of a benign breast tumor.",A medical breast mammogram showing healthy breast parenchyma with no suspicious findings.,49.39358901977539,34.901268005371094
/home/woojye2020/decs_jupyter_lab/MedCLIP-SAMv2/UDIAT2/test_images/000082.png,/home/woojye2020/decs_jupyter_lab/MedCLIP-SAMv2/generated_neg_output/udiat_clip_image2prompt_closedform/000082.png,"A breast imaging study showing a homogenous, well-circumscribed mass indicative of a benign tumor.","A medical breast mammogram showing clear breast tissue with no visible abnormalities, indicating a normal scan.",30.162599563598633,26.846708297729492
/home/woojye2020/decs_jupyter_lab/MedCLIP-SAMv2/UDIAT2/test_images/000083.png,/home/woojye2020/decs_jupyter_lab/MedCLIP-SAMv2/generated_neg_output/udiat_clip_image2prompt_closedform/000083.png,"A breast imaging study revealing a well-defined, encapsulated mass likely representing a benign breast tumor.",A medical breast mammogram showing healthy breast parenchyma with no suspicious findings.,33.49471664428711,31.041702270507812
/home/woojye2020/decs_jupyter_lab/MedCLIP-SAMv2/UDIAT2/test_images/000084.png,/home/woojye2020/decs_jupyter_lab/MedCLIP-SAMv2/generated_neg_output/udiat_clip_image2prompt_closedform/000084.png,"A breast imaging study showing a well-margined, round mass suggestive of a benign breast tumor.","A mammogram showing no abnormalities in the breast tissue, suggestive of a normal, healthy breast.",41.45328140258789,33.837520599365234
/home/woojye2020/decs_jupyter_lab/MedCLIP-SAMv2/UDIAT2/test_images/000085.png,/home/woojye2020/decs_jupyter_lab/MedCLIP-SAMv2/generated_neg_output/udiat_clip_image2prompt_closedform/000085.png,"A medical breast mammogram showing a smooth, well-circumscribed mass suggestive of a benign breast tumor.","A mammogram showing no abnormalities in the breast tissue, suggestive of a normal, healthy breast.",38.936485290527344,38.63750457763672
/home/woojye2020/decs_jupyter_lab/MedCLIP-SAMv2/UDIAT2/test_images/000086.png,/home/woojye2020/decs_jupyter_lab/MedCLIP-SAMv2/generated_neg_output/udiat_clip_image2prompt_closedform/000086.png,"A medical breast mammogram detecting a non-aggressive, well-defined mass characteristic of a benign tumor.",A breast mammogram displaying normal breast structures with no signs of disease or masses.,34.54405975341797,33.97980880737305
/home/woojye2020/decs_jupyter_lab/MedCLIP-SAMv2/UDIAT2/test_images/000087.png,/home/woojye2020/decs_jupyter_lab/MedCLIP-SAMv2/generated_neg_output/udiat_clip_image2prompt_closedform/000087.png,"A mammogram displaying a round, homogeneous mass indicative of a benign breast tumor.","A breast imaging study showing clear, homogeneous breast tissue with no signs of pathology.",35.195865631103516,37.727848052978516
/home/woojye2020/decs_jupyter_lab/MedCLIP-SAMv2/UDIAT2/test_images/000088.png,/home/woojye2020/decs_jupyter_lab/MedCLIP-SAMv2/generated_neg_output/udiat_clip_image2prompt_closedform/000088.png,"A mammogram displaying a round, homogeneous mass indicative of a benign breast tumor.",A medical mammogram displaying well-organized breast tissue with no evidence of abnormalities.,42.844024658203125,24.926164627075195
/home/woojye2020/decs_jupyter_lab/MedCLIP-SAMv2/UDIAT2/test_images/000089.png,/home/woojye2020/decs_jupyter_lab/MedCLIP-SAMv2/generated_neg_output/udiat_clip_image2prompt_closedform/000089.png,"A mammogram showing a sharply marginated, round mass suggestive of a benign breast tumor.","A medical breast imaging study revealing clear, unremarkable breast tissue consistent with a healthy scan.",40.02685546875,29.5493221282959
/home/woojye2020/decs_jupyter_lab/MedCLIP-SAMv2/UDIAT2/test_images/000090.png,/home/woojye2020/decs_jupyter_lab/MedCLIP-SAMv2/generated_neg_output/udiat_clip_image2prompt_closedform/000090.png,"A breast imaging study showing a homogenous, well-circumscribed mass indicative of a benign tumor.",A medical mammogram displaying well-organized breast tissue with no evidence of abnormalities.,27.228368759155273,32.70671081542969
/home/woojye2020/decs_jupyter_lab/MedCLIP-SAMv2/UDIAT2/test_images/000091.png,/home/woojye2020/decs_jupyter_lab/MedCLIP-SAMv2/generated_neg_output/udiat_clip_image2prompt_closedform/000091.png,"A breast scan identifying a well-defined, oval mass suggestive of a benign breast tumor.","A breast imaging scan displaying normal, well-distributed breast tissue with no evidence of masses or tumors.",26.74405860900879,34.47694778442383
/home/woojye2020/decs_jupyter_lab/MedCLIP-SAMv2/UDIAT2/test_images/000092.png,/home/woojye2020/decs_jupyter_lab/MedCLIP-SAMv2/generated_neg_output/udiat_clip_image2prompt_closedform/000092.png,"A mammogram displaying a non-spiculated, round mass suggestive of a benign breast tumor.","A breast mammogram showing unremarkable findings consistent with normal, healthy breast tissue.",21.047895431518555,12.091796875
/home/woojye2020/decs_jupyter_lab/MedCLIP-SAMv2/UDIAT2/test_images/000093.png,/home/woojye2020/decs_jupyter_lab/MedCLIP-SAMv2/generated_neg_output/udiat_clip_image2prompt_closedform/000093.png,"A breast mammogram identifying a well-encapsulated, smooth mass consistent with a benign tumor.","A mammogram showing no abnormalities in the breast tissue, suggestive of a normal, healthy breast.",32.507659912109375,29.729190826416016
/home/woojye2020/decs_jupyter_lab/MedCLIP-SAMv2/UDIAT2/test_images/000094.png,/home/woojye2020/decs_jupyter_lab/MedCLIP-SAMv2/generated_neg_output/udiat_clip_image2prompt_closedform/000094.png,"A breast scan showing a smooth, encapsulated mass likely representing a benign breast tumor.","A mammogram showing no abnormalities in the breast tissue, suggestive of a normal, healthy breast.",18.623363494873047,38.51866912841797
/home/woojye2020/decs_jupyter_lab/MedCLIP-SAMv2/UDIAT2/test_images/000095.png,/home/woojye2020/decs_jupyter_lab/MedCLIP-SAMv2/generated_neg_output/udiat_clip_image2prompt_closedform/000095.png,"A breast imaging study showing a well-margined, round mass suggestive of a benign breast tumor.","A mammogram revealing normal breast tissue with no visible masses, calcifications, or distortions.",36.3609504699707,40.033790588378906
/home/woojye2020/decs_jupyter_lab/MedCLIP-SAMv2/UDIAT2/test_images/000096.png,/home/woojye2020/decs_jupyter_lab/MedCLIP-SAMv2/generated_neg_output/udiat_clip_image2prompt_closedform/000096.png,A mammogram displaying a smoothly contoured mass suggestive of a benign breast tumor.,A medical breast mammogram showing healthy breast parenchyma with no suspicious findings.,39.37145233154297,27.391267776489258
/home/woojye2020/decs_jupyter_lab/MedCLIP-SAMv2/UDIAT2/test_images/000097.png,/home/woojye2020/decs_jupyter_lab/MedCLIP-SAMv2/generated_neg_output/udiat_clip_image2prompt_closedform/000097.png,"A medical mammogram revealing a well-defined, non-irregular mass suggestive of a benign breast tumor.",A medical mammogram displaying well-organized breast tissue with no evidence of abnormalities.,31.951826095581055,33.3142204284668
/home/woojye2020/decs_jupyter_lab/MedCLIP-SAMv2/UDIAT2/test_images/000098.png,/home/woojye2020/decs_jupyter_lab/MedCLIP-SAMv2/generated_neg_output/udiat_clip_image2prompt_closedform/000098.png,"A medical mammogram revealing a well-defined, non-irregular mass suggestive of a benign breast tumor.",A breast mammogram displaying normal breast structures with no signs of disease or masses.,33.5724983215332,22.703367233276367
/home/woojye2020/decs_jupyter_lab/MedCLIP-SAMv2/UDIAT2/test_images/000099.png,/home/woojye2020/decs_jupyter_lab/MedCLIP-SAMv2/generated_neg_output/udiat_clip_image2prompt_closedform/000099.png,"A breast imaging scan showing a well-circumscribed, smooth mass indicative of a benign breast tumor.","A mammogram showing no abnormalities in the breast tissue, suggestive of a normal, healthy breast.",22.81459617614746,6.49540376663208
/home/woojye2020/decs_jupyter_lab/MedCLIP-SAMv2/UDIAT2/test_images/000100.png,/home/woojye2020/decs_jupyter_lab/MedCLIP-SAMv2/generated_neg_output/udiat_clip_image2prompt_closedform/000100.png,"A mammogram displaying a round, homogeneous mass indicative of a benign breast tumor.",A medical breast mammogram showing healthy breast parenchyma with no suspicious findings.,25.945091247558594,3.6185457706451416
/home/woojye2020/decs_jupyter_lab/MedCLIP-SAMv2/UDIAT2/test_images/000101.png,/home/woojye2020/decs_jupyter_lab/MedCLIP-SAMv2/generated_neg_output/udiat_clip_image2prompt_closedform/000101.png,"A medical breast mammogram showing a well-defined, round mass suggestive of a benign breast tumor.","A breast mammogram showing unremarkable findings consistent with normal, healthy breast tissue.",29.641477584838867,20.75772476196289
/home/woojye2020/decs_jupyter_lab/MedCLIP-SAMv2/UDIAT2/test_images/000102.png,/home/woojye2020/decs_jupyter_lab/MedCLIP-SAMv2/generated_neg_output/udiat_clip_image2prompt_closedform/000102.png,"A breast scan showing a smooth, encapsulated mass likely representing a benign breast tumor.","A mammogram showing no abnormalities in the breast tissue, suggestive of a normal, healthy breast.",36.769649505615234,32.857513427734375
/home/woojye2020/decs_jupyter_lab/MedCLIP-SAMv2/UDIAT2/test_images/000103.png,/home/woojye2020/decs_jupyter_lab/MedCLIP-SAMv2/generated_neg_output/udiat_clip_image2prompt_closedform/000103.png,"A medical breast mammogram detecting a non-aggressive, well-defined mass characteristic of a benign tumor.","A mammogram showing no abnormalities in the breast tissue, suggestive of a normal, healthy breast.",34.4095573425293,30.6442813873291
/home/woojye2020/decs_jupyter_lab/MedCLIP-SAMv2/UDIAT2/test_images/000104.png,/home/woojye2020/decs_jupyter_lab/MedCLIP-SAMv2/generated_neg_output/udiat_clip_image2prompt_closedform/000104.png,"A medical breast mammogram showing a well-defined, round mass suggestive of a benign breast tumor.",A breast mammogram displaying normal breast structures with no signs of disease or masses.,47.93971252441406,31.508987426757812
/home/woojye2020/decs_jupyter_lab/MedCLIP-SAMv2/UDIAT2/test_images/000105.png,/home/woojye2020/decs_jupyter_lab/MedCLIP-SAMv2/generated_neg_output/udiat_clip_image2prompt_closedform/000105.png,A mammogram displaying a smoothly contoured mass suggestive of a benign breast tumor.,"A medical breast mammogram showing clear breast tissue with no visible abnormalities, indicating a normal scan.",31.20146942138672,35.383914947509766
/home/woojye2020/decs_jupyter_lab/MedCLIP-SAMv2/UDIAT2/test_images/000106.png,/home/woojye2020/decs_jupyter_lab/MedCLIP-SAMv2/generated_neg_output/udiat_clip_image2prompt_closedform/000106.png,"A breast imaging scan showing a well-circumscribed, smooth mass indicative of a benign breast tumor.",A breast mammogram displaying normal breast structures with no signs of disease or masses.,30.116640090942383,28.351722717285156
/home/woojye2020/decs_jupyter_lab/MedCLIP-SAMv2/UDIAT2/test_images/000107.png,/home/woojye2020/decs_jupyter_lab/MedCLIP-SAMv2/generated_neg_output/udiat_clip_image2prompt_closedform/000107.png,"A medical breast mammogram showing a smooth, well-circumscribed mass suggestive of a benign breast tumor.",A medical breast mammogram showing healthy breast parenchyma with no suspicious findings.,25.778160095214844,26.94860076904297
/home/woojye2020/decs_jupyter_lab/MedCLIP-SAMv2/UDIAT2/test_images/000108.png,/home/woojye2020/decs_jupyter_lab/MedCLIP-SAMv2/generated_neg_output/udiat_clip_image2prompt_closedform/000108.png,"A mammogram displaying a round, homogeneous mass indicative of a benign breast tumor.",A medical mammogram displaying well-organized breast tissue with no evidence of abnormalities.,36.456138610839844,31.733226776123047
/home/woojye2020/decs_jupyter_lab/MedCLIP-SAMv2/UDIAT2/test_images/000109.png,/home/woojye2020/decs_jupyter_lab/MedCLIP-SAMv2/generated_neg_output/udiat_clip_image2prompt_closedform/000109.png,"A breast imaging scan showing a well-circumscribed, smooth mass indicative of a benign breast tumor.","A breast imaging scan displaying normal, well-distributed breast tissue with no evidence of masses or tumors.",32.18674850463867,26.048004150390625
/home/woojye2020/decs_jupyter_lab/MedCLIP-SAMv2/UDIAT2/test_images/000110.png,/home/woojye2020/decs_jupyter_lab/MedCLIP-SAMv2/generated_neg_output/udiat_clip_image2prompt_closedform/000110.png,"A breast imaging study showing a homogenous, well-circumscribed mass indicative of a benign tumor.","A mammogram showing no abnormalities in the breast tissue, suggestive of a normal, healthy breast.",18.298301696777344,20.33381462097168
/home/woojye2020/decs_jupyter_lab/MedCLIP-SAMv2/UDIAT2/test_images/000111.png,/home/woojye2020/decs_jupyter_lab/MedCLIP-SAMv2/generated_neg_output/udiat_clip_image2prompt_closedform/000111.png,"A breast scan showing a smooth, encapsulated mass likely representing a benign breast tumor.","A medical breast imaging study revealing clear, unremarkable breast tissue consistent with a healthy scan.",31.053007125854492,24.794553756713867
/home/woojye2020/decs_jupyter_lab/MedCLIP-SAMv2/UDIAT2/test_images/000112.png,/home/woojye2020/decs_jupyter_lab/MedCLIP-SAMv2/generated_neg_output/udiat_clip_image2prompt_closedform/000112.png,"A medical breast mammogram detecting a non-aggressive, well-defined mass characteristic of a benign tumor.","A breast mammogram showing unremarkable findings consistent with normal, healthy breast tissue.",28.861831665039062,12.340693473815918
/home/woojye2020/decs_jupyter_lab/MedCLIP-SAMv2/UDIAT2/test_images/000113.png,/home/woojye2020/decs_jupyter_lab/MedCLIP-SAMv2/generated_neg_output/udiat_clip_image2prompt_closedform/000113.png,"A breast imaging study showing a homogenous, well-circumscribed mass indicative of a benign tumor.","A mammogram showing no abnormalities in the breast tissue, suggestive of a normal, healthy breast.",31.65618896484375,25.724449157714844
/home/woojye2020/decs_jupyter_lab/MedCLIP-SAMv2/UDIAT2/test_images/000114.png,/home/woojye2020/decs_jupyter_lab/MedCLIP-SAMv2/generated_neg_output/udiat_clip_image2prompt_closedform/000114.png,"A breast imaging study showing a homogenous, well-circumscribed mass indicative of a benign tumor.","A mammogram revealing normal breast tissue with no visible masses, calcifications, or distortions.",26.740507125854492,34.27597427368164
/home/woojye2020/decs_jupyter_lab/MedCLIP-SAMv2/UDIAT2/test_images/000115.png,/home/woojye2020/decs_jupyter_lab/MedCLIP-SAMv2/generated_neg_output/udiat_clip_image2prompt_closedform/000115.png,"A medical breast mammogram displaying a lobulated, non-aggressive mass consistent with a benign tumor.",A breast mammogram displaying normal breast structures with no signs of disease or masses.,32.493228912353516,30.197185516357422
/home/woojye2020/decs_jupyter_lab/MedCLIP-SAMv2/UDIAT2/test_images/000116.png,/home/woojye2020/decs_jupyter_lab/MedCLIP-SAMv2/generated_neg_output/udiat_clip_image2prompt_closedform/000116.png,"A breast imaging study revealing a well-defined, encapsulated mass likely representing a benign breast tumor.","A mammogram revealing normal breast tissue with no visible masses, calcifications, or distortions.",25.35741424560547,28.44136619567871
/home/woojye2020/decs_jupyter_lab/MedCLIP-SAMv2/UDIAT2/test_images/000117.png,/home/woojye2020/decs_jupyter_lab/MedCLIP-SAMv2/generated_neg_output/udiat_clip_image2prompt_closedform/000117.png,"A mammogram displaying a non-invasive, well-defined mass suggestive of a benign breast tumor.","A mammogram revealing normal breast tissue with no visible masses, calcifications, or distortions.",38.15715408325195,35.11481857299805
/home/woojye2020/decs_jupyter_lab/MedCLIP-SAMv2/UDIAT2/test_images/000118.png,/home/woojye2020/decs_jupyter_lab/MedCLIP-SAMv2/generated_neg_output/udiat_clip_image2prompt_closedform/000118.png,"A breast mammogram identifying a well-encapsulated, smooth mass consistent with a benign tumor.","A breast imaging study showing clear, homogeneous breast tissue with no signs of pathology.",35.32662582397461,20.393226623535156
/home/woojye2020/decs_jupyter_lab/MedCLIP-SAMv2/UDIAT2/test_images/000119.png,/home/woojye2020/decs_jupyter_lab/MedCLIP-SAMv2/generated_neg_output/udiat_clip_image2prompt_closedform/000119.png,"A medical breast mammogram showing a smooth, well-circumscribed mass suggestive of a benign breast tumor.",A breast mammogram displaying normal breast structures with no signs of disease or masses.,41.23277282714844,34.128814697265625
/home/woojye2020/decs_jupyter_lab/MedCLIP-SAMv2/UDIAT2/test_images/000120.png,/home/woojye2020/decs_jupyter_lab/MedCLIP-SAMv2/generated_neg_output/udiat_clip_image2prompt_closedform/000120.png,"A medical breast mammogram showing a smooth, well-circumscribed mass suggestive of a benign breast tumor.","A mammogram revealing normal breast tissue with no visible masses, calcifications, or distortions.",32.93027114868164,29.520111083984375
/home/woojye2020/decs_jupyter_lab/MedCLIP-SAMv2/UDIAT2/test_images/000121.png,/home/woojye2020/decs_jupyter_lab/MedCLIP-SAMv2/generated_neg_output/udiat_clip_image2prompt_closedform/000121.png,"A medical mammogram detecting a smooth, well-defined mass characteristic of a benign breast tumor.",A breast mammogram displaying normal breast structures with no signs of disease or masses.,29.2683162689209,30.985509872436523
/home/woojye2020/decs_jupyter_lab/MedCLIP-SAMv2/UDIAT2/test_images/000122.png,/home/woojye2020/decs_jupyter_lab/MedCLIP-SAMv2/generated_neg_output/udiat_clip_image2prompt_closedform/000122.png,"A breast imaging scan showing a well-circumscribed, smooth mass indicative of a benign breast tumor.","A mammogram showing no abnormalities in the breast tissue, suggestive of a normal, healthy breast.",41.7015380859375,29.098827362060547
/home/woojye2020/decs_jupyter_lab/MedCLIP-SAMv2/UDIAT2/test_images/000123.png,/home/woojye2020/decs_jupyter_lab/MedCLIP-SAMv2/generated_neg_output/udiat_clip_image2prompt_closedform/000123.png,"A medical breast mammogram displaying a lobulated, non-aggressive mass consistent with a benign tumor.",A medical mammogram displaying well-organized breast tissue with no evidence of abnormalities.,23.2825984954834,21.615848541259766
/home/woojye2020/decs_jupyter_lab/MedCLIP-SAMv2/UDIAT2/test_images/000124.png,/home/woojye2020/decs_jupyter_lab/MedCLIP-SAMv2/generated_neg_output/udiat_clip_image2prompt_closedform/000124.png,"A medical mammogram revealing a well-defined, non-irregular mass suggestive of a benign breast tumor.","A medical breast imaging study revealing clear, unremarkable breast tissue consistent with a healthy scan.",40.50399398803711,31.781084060668945
/home/woojye2020/decs_jupyter_lab/MedCLIP-SAMv2/UDIAT2/test_images/000125.png,/home/woojye2020/decs_jupyter_lab/MedCLIP-SAMv2/generated_neg_output/udiat_clip_image2prompt_closedform/000125.png,"A breast mammogram identifying a well-encapsulated, smooth mass consistent with a benign tumor.","A medical breast imaging study revealing clear, unremarkable breast tissue consistent with a healthy scan.",40.22585678100586,32.31604766845703
/home/woojye2020/decs_jupyter_lab/MedCLIP-SAMv2/UDIAT2/test_images/000126.png,/home/woojye2020/decs_jupyter_lab/MedCLIP-SAMv2/generated_neg_output/udiat_clip_image2prompt_closedform/000126.png,"A mammogram revealing a low-density, well-delineated mass likely representing a benign breast tumor.","A breast imaging study showing clear, homogeneous breast tissue with no signs of pathology.",36.32564926147461,20.770288467407227
/home/woojye2020/decs_jupyter_lab/MedCLIP-SAMv2/UDIAT2/test_images/000127.png,/home/woojye2020/decs_jupyter_lab/MedCLIP-SAMv2/generated_neg_output/udiat_clip_image2prompt_closedform/000127.png,"A breast imaging scan showing a well-circumscribed, smooth mass indicative of a benign breast tumor.",A breast mammogram displaying normal breast structures with no signs of disease or masses.,29.806076049804688,13.855895042419434
/home/woojye2020/decs_jupyter_lab/MedCLIP-SAMv2/UDIAT2/test_images/000128.png,/home/woojye2020/decs_jupyter_lab/MedCLIP-SAMv2/generated_neg_output/udiat_clip_image2prompt_closedform/000128.png,"A medical mammogram revealing a well-defined, non-irregular mass suggestive of a benign breast tumor.",A medical mammogram displaying well-organized breast tissue with no evidence of abnormalities.,37.12348937988281,36.43635559082031
/home/woojye2020/decs_jupyter_lab/MedCLIP-SAMv2/UDIAT2/test_images/000129.png,/home/woojye2020/decs_jupyter_lab/MedCLIP-SAMv2/generated_neg_output/udiat_clip_image2prompt_closedform/000129.png,"A breast imaging study revealing a well-defined, encapsulated mass likely representing a benign breast tumor.","A medical breast mammogram showing clear breast tissue with no visible abnormalities, indicating a normal scan.",44.84550476074219,38.176570892333984
/home/woojye2020/decs_jupyter_lab/MedCLIP-SAMv2/UDIAT2/test_images/000130.png,/home/woojye2020/decs_jupyter_lab/MedCLIP-SAMv2/generated_neg_output/udiat_clip_image2prompt_closedform/000130.png,A mammogram displaying a smoothly contoured mass suggestive of a benign breast tumor.,A medical mammogram displaying well-organized breast tissue with no evidence of abnormalities.,26.73489761352539,31.59626007080078
/home/woojye2020/decs_jupyter_lab/MedCLIP-SAMv2/UDIAT2/test_images/000131.png,/home/woojye2020/decs_jupyter_lab/MedCLIP-SAMv2/generated_neg_output/udiat_clip_image2prompt_closedform/000131.png,"A medical breast mammogram showing a well-defined, round mass suggestive of a benign breast tumor.",A breast mammogram displaying normal breast structures with no signs of disease or masses.,34.33980178833008,29.1318359375
/home/woojye2020/decs_jupyter_lab/MedCLIP-SAMv2/UDIAT2/test_images/000132.png,/home/woojye2020/decs_jupyter_lab/MedCLIP-SAMv2/generated_neg_output/udiat_clip_image2prompt_closedform/000132.png,"A breast imaging scan showing a spiculated, invasive mass indicative of a malignant breast tumor.","A medical breast imaging study revealing clear, unremarkable breast tissue consistent with a healthy scan.",42.64586639404297,33.421207427978516
/home/woojye2020/decs_jupyter_lab/MedCLIP-SAMv2/UDIAT2/test_images/000133.png,/home/woojye2020/decs_jupyter_lab/MedCLIP-SAMv2/generated_neg_output/udiat_clip_image2prompt_closedform/000133.png,"A breast mammogram identifying an irregular, dense mass consistent with a malignant tumor.","A breast imaging study showing clear, homogeneous breast tissue with no signs of pathology.",33.66100311279297,32.38116455078125
/home/woojye2020/decs_jupyter_lab/MedCLIP-SAMv2/UDIAT2/test_images/000134.png,/home/woojye2020/decs_jupyter_lab/MedCLIP-SAMv2/generated_neg_output/udiat_clip_image2prompt_closedform/000134.png,"A breast imaging study showing a poorly marginated, irregular mass indicative of a malignant tumor.","A mammogram showing no abnormalities in the breast tissue, suggestive of a normal, healthy breast.",34.418373107910156,31.158641815185547
/home/woojye2020/decs_jupyter_lab/MedCLIP-SAMv2/UDIAT2/test_images/000135.png,/home/woojye2020/decs_jupyter_lab/MedCLIP-SAMv2/generated_neg_output/udiat_clip_image2prompt_closedform/000135.png,"A breast scan showing a spiculated, invasive mass likely indicating a malignant breast tumor.","A medical breast mammogram showing clear breast tissue with no visible abnormalities, indicating a normal scan.",37.96281433105469,36.12692642211914
/home/woojye2020/decs_jupyter_lab/MedCLIP-SAMv2/UDIAT2/test_images/000136.png,/home/woojye2020/decs_jupyter_lab/MedCLIP-SAMv2/generated_neg_output/udiat_clip_image2prompt_closedform/000136.png,"A breast scan identifying a poorly circumscribed, irregular mass suggestive of a malignant breast tumor.","A mammogram revealing normal breast tissue with no visible masses, calcifications, or distortions.",41.27267074584961,35.459808349609375
/home/woojye2020/decs_jupyter_lab/MedCLIP-SAMv2/UDIAT2/test_images/000137.png,/home/woojye2020/decs_jupyter_lab/MedCLIP-SAMv2/generated_neg_output/udiat_clip_image2prompt_closedform/000137.png,"A medical breast mammogram showing an irregularly shaped, spiculated mass suggestive of a malignant breast tumor.","A mammogram revealing normal breast tissue with no visible masses, calcifications, or distortions.",22.353282928466797,35.23066329956055
/home/woojye2020/decs_jupyter_lab/MedCLIP-SAMv2/UDIAT2/test_images/000138.png,/home/woojye2020/decs_jupyter_lab/MedCLIP-SAMv2/generated_neg_output/udiat_clip_image2prompt_closedform/000138.png,"A mammogram revealing an ill-defined, irregular mass likely representing a malignant breast tumor.","A breast imaging study showing clear, homogeneous breast tissue with no signs of pathology.",26.7791690826416,34.685909271240234
/home/woojye2020/decs_jupyter_lab/MedCLIP-SAMv2/UDIAT2/test_images/000139.png,/home/woojye2020/decs_jupyter_lab/MedCLIP-SAMv2/generated_neg_output/udiat_clip_image2prompt_closedform/000139.png,"A breast imaging study showing an irregular, spiculated mass suggestive of a malignant breast tumor.","A mammogram revealing normal breast tissue with no visible masses, calcifications, or distortions.",38.017578125,30.514930725097656
/home/woojye2020/decs_jupyter_lab/MedCLIP-SAMv2/UDIAT2/test_images/000140.png,/home/woojye2020/decs_jupyter_lab/MedCLIP-SAMv2/generated_neg_output/udiat_clip_image2prompt_closedform/000140.png,"A breast scan showing an ill-defined, invasive mass likely representing a malignant breast tumor.","A breast imaging study showing clear, homogeneous breast tissue with no signs of pathology.",32.49599075317383,37.677406311035156
/home/woojye2020/decs_jupyter_lab/MedCLIP-SAMv2/UDIAT2/test_images/000141.png,/home/woojye2020/decs_jupyter_lab/MedCLIP-SAMv2/generated_neg_output/udiat_clip_image2prompt_closedform/000141.png,"A mammogram showing a dense, spiculated mass suggestive of a malignant breast tumor.","A mammogram showing no abnormalities in the breast tissue, suggestive of a normal, healthy breast.",39.6839485168457,31.583786010742188
/home/woojye2020/decs_jupyter_lab/MedCLIP-SAMv2/UDIAT2/test_images/000142.png,/home/woojye2020/decs_jupyter_lab/MedCLIP-SAMv2/generated_neg_output/udiat_clip_image2prompt_closedform/000142.png,"A breast imaging study showing an irregular, spiculated mass suggestive of a malignant breast tumor.","A mammogram showing no abnormalities in the breast tissue, suggestive of a normal, healthy breast.",19.503952026367188,35.75393295288086
/home/woojye2020/decs_jupyter_lab/MedCLIP-SAMv2/UDIAT2/test_images/000143.png,/home/woojye2020/decs_jupyter_lab/MedCLIP-SAMv2/generated_neg_output/udiat_clip_image2prompt_closedform/000143.png,"A medical breast mammogram showing an irregular, spiculated mass suggestive of a malignant breast tumor.","A breast mammogram showing unremarkable findings consistent with normal, healthy breast tissue.",28.134244918823242,28.6347599029541
/home/woojye2020/decs_jupyter_lab/MedCLIP-SAMv2/UDIAT2/test_images/000144.png,/home/woojye2020/decs_jupyter_lab/MedCLIP-SAMv2/generated_neg_output/udiat_clip_image2prompt_closedform/000144.png,"A breast scan showing an ill-defined, invasive mass likely representing a malignant breast tumor.","A medical breast mammogram showing clear breast tissue with no visible abnormalities, indicating a normal scan.",34.1921501159668,30.675403594970703
/home/woojye2020/decs_jupyter_lab/MedCLIP-SAMv2/UDIAT2/test_images/000145.png,/home/woojye2020/decs_jupyter_lab/MedCLIP-SAMv2/generated_neg_output/udiat_clip_image2prompt_closedform/000145.png,"A medical mammogram detecting a poorly defined, lobulated mass characteristic of a malignant breast tumor.","A medical breast mammogram showing clear breast tissue with no visible abnormalities, indicating a normal scan.",11.865497589111328,35.32040786743164
/home/woojye2020/decs_jupyter_lab/MedCLIP-SAMv2/UDIAT2/test_images/000146.png,/home/woojye2020/decs_jupyter_lab/MedCLIP-SAMv2/generated_neg_output/udiat_clip_image2prompt_closedform/000146.png,"A medical breast mammogram showing an irregular, spiculated mass suggestive of a malignant breast tumor.","A breast mammogram showing unremarkable findings consistent with normal, healthy breast tissue.",16.746551513671875,22.366317749023438
/home/woojye2020/decs_jupyter_lab/MedCLIP-SAMv2/UDIAT2/test_images/000147.png,/home/woojye2020/decs_jupyter_lab/MedCLIP-SAMv2/generated_neg_output/udiat_clip_image2prompt_closedform/000147.png,"A breast imaging study showing a poorly marginated, irregular mass indicative of a malignant tumor.",A medical mammogram displaying well-organized breast tissue with no evidence of abnormalities.,42.68360900878906,37.26035690307617
/home/woojye2020/decs_jupyter_lab/MedCLIP-SAMv2/UDIAT2/test_images/000295.png,/home/woojye2020/decs_jupyter_lab/MedCLIP-SAMv2/generated_neg_output/udiat_clip_image2prompt_closedform/000295.png,"A mammogram displaying an irregularly shaped, spiculated mass suggestive of a malignant breast tumor.","A medical breast imaging study revealing clear, unremarkable breast tissue consistent with a healthy scan.",51.364620208740234,33.42316436767578
/home/woojye2020/decs_jupyter_lab/MedCLIP-SAMv2/UDIAT2/test_images/000296.png,/home/woojye2020/decs_jupyter_lab/MedCLIP-SAMv2/generated_neg_output/udiat_clip_image2prompt_closedform/000296.png,"A medical breast mammogram showing an irregular, spiculated mass suggestive of a malignant breast tumor.",A medical mammogram displaying well-organized breast tissue with no evidence of abnormalities.,25.87757110595703,31.456714630126953
/home/woojye2020/decs_jupyter_lab/MedCLIP-SAMv2/UDIAT2/test_images/000297.png,/home/woojye2020/decs_jupyter_lab/MedCLIP-SAMv2/generated_neg_output/udiat_clip_image2prompt_closedform/000297.png,"A mammogram displaying a poorly defined, lobulated mass indicative of a malignant breast tumor.","A medical breast imaging study revealing clear, unremarkable breast tissue consistent with a healthy scan.",45.339046478271484,30.27602767944336
/home/woojye2020/decs_jupyter_lab/MedCLIP-SAMv2/UDIAT2/test_images/000298.png,/home/woojye2020/decs_jupyter_lab/MedCLIP-SAMv2/generated_neg_output/udiat_clip_image2prompt_closedform/000298.png,"A mammogram displaying a poorly defined, lobulated mass indicative of a malignant breast tumor.","A breast mammogram showing unremarkable findings consistent with normal, healthy breast tissue.",33.9498405456543,28.607263565063477
/home/woojye2020/decs_jupyter_lab/MedCLIP-SAMv2/UDIAT2/test_images/000299.png,/home/woojye2020/decs_jupyter_lab/MedCLIP-SAMv2/generated_neg_output/udiat_clip_image2prompt_closedform/000299.png,"A mammogram displaying a poorly defined, lobulated mass indicative of a malignant breast tumor.","A mammogram showing no abnormalities in the breast tissue, suggestive of a normal, healthy breast.",20.107032775878906,19.178678512573242
/home/woojye2020/decs_jupyter_lab/MedCLIP-SAMv2/UDIAT2/test_images/000300.png,/home/woojye2020/decs_jupyter_lab/MedCLIP-SAMv2/generated_neg_output/udiat_clip_image2prompt_closedform/000300.png,"A breast scan showing a spiculated, invasive mass likely indicating a malignant breast tumor.",A breast mammogram displaying normal breast structures with no signs of disease or masses.,38.09881591796875,29.251436233520508
/home/woojye2020/decs_jupyter_lab/MedCLIP-SAMv2/UDIAT2/test_images/000301.png,/home/woojye2020/decs_jupyter_lab/MedCLIP-SAMv2/generated_neg_output/udiat_clip_image2prompt_closedform/000301.png,"A medical breast mammogram detecting a spiculated, irregular mass characteristic of a malignant tumor.","A mammogram showing no abnormalities in the breast tissue, suggestive of a normal, healthy breast.",29.544084548950195,24.016857147216797
/home/woojye2020/decs_jupyter_lab/MedCLIP-SAMv2/UDIAT2/test_images/000302.png,/home/woojye2020/decs_jupyter_lab/MedCLIP-SAMv2/generated_neg_output/udiat_clip_image2prompt_closedform/000302.png,"A medical breast mammogram detecting a spiculated, irregular mass characteristic of a malignant tumor.","A breast mammogram showing unremarkable findings consistent with normal, healthy breast tissue.",46.41265106201172,37.921913146972656
/home/woojye2020/decs_jupyter_lab/MedCLIP-SAMv2/UDIAT2/test_images/000303.png,/home/woojye2020/decs_jupyter_lab/MedCLIP-SAMv2/generated_neg_output/udiat_clip_image2prompt_closedform/000303.png,"A medical breast mammogram showing an irregular, spiculated mass suggestive of a malignant breast tumor.","A breast mammogram showing unremarkable findings consistent with normal, healthy breast tissue.",24.38787269592285,29.373981475830078
/home/woojye2020/decs_jupyter_lab/MedCLIP-SAMv2/UDIAT2/test_images/000304.png,/home/woojye2020/decs_jupyter_lab/MedCLIP-SAMv2/generated_neg_output/udiat_clip_image2prompt_closedform/000304.png,"A mammogram displaying a poorly defined, lobulated mass indicative of a malignant breast tumor.","A mammogram revealing normal breast tissue with no visible masses, calcifications, or distortions.",28.7634220123291,21.576068878173828
/home/woojye2020/decs_jupyter_lab/MedCLIP-SAMv2/UDIAT2/test_images/000305.png,/home/woojye2020/decs_jupyter_lab/MedCLIP-SAMv2/generated_neg_output/udiat_clip_image2prompt_closedform/000305.png,"A medical breast mammogram detecting a spiculated, irregular mass characteristic of a malignant tumor.","A breast mammogram showing unremarkable findings consistent with normal, healthy breast tissue.",37.209651947021484,25.59764289855957
/home/woojye2020/decs_jupyter_lab/MedCLIP-SAMv2/UDIAT2/test_images/000306.png,/home/woojye2020/decs_jupyter_lab/MedCLIP-SAMv2/generated_neg_output/udiat_clip_image2prompt_closedform/000306.png,"A mammogram displaying an irregularly shaped, spiculated mass suggestive of a malignant breast tumor.",A medical breast mammogram showing healthy breast parenchyma with no suspicious findings.,45.9395637512207,35.40824508666992
/home/woojye2020/decs_jupyter_lab/MedCLIP-SAMv2/UDIAT2/test_images/000307.png,/home/woojye2020/decs_jupyter_lab/MedCLIP-SAMv2/generated_neg_output/udiat_clip_image2prompt_closedform/000307.png,"A mammogram revealing an ill-defined, irregular mass likely representing a malignant breast tumor.","A mammogram showing no abnormalities in the breast tissue, suggestive of a normal, healthy breast.",31.5419864654541,20.515138626098633
/home/woojye2020/decs_jupyter_lab/MedCLIP-SAMv2/UDIAT2/test_images/000308.png,/home/woojye2020/decs_jupyter_lab/MedCLIP-SAMv2/generated_neg_output/udiat_clip_image2prompt_closedform/000308.png,"A medical mammogram detecting a poorly defined, lobulated mass characteristic of a malignant breast tumor.","A mammogram showing no abnormalities in the breast tissue, suggestive of a normal, healthy breast.",28.596881866455078,26.661508560180664
/home/woojye2020/decs_jupyter_lab/MedCLIP-SAMv2/UDIAT2/test_images/000309.png,/home/woojye2020/decs_jupyter_lab/MedCLIP-SAMv2/generated_neg_output/udiat_clip_image2prompt_closedform/000309.png,"A mammogram revealing an ill-defined, irregular mass likely representing a malignant breast tumor.","A mammogram revealing normal breast tissue with no visible masses, calcifications, or distortions.",37.01192092895508,18.772207260131836
/home/woojye2020/decs_jupyter_lab/MedCLIP-SAMv2/UDIAT2/test_images/000310.png,/home/woojye2020/decs_jupyter_lab/MedCLIP-SAMv2/generated_neg_output/udiat_clip_image2prompt_closedform/000310.png,"A mammogram showing a dense, spiculated mass suggestive of a malignant breast tumor.","A breast imaging scan displaying normal, well-distributed breast tissue with no evidence of masses or tumors.",40.13188934326172,35.707374572753906
