filename,filename_neg,Caption,Caption_neg,rawdot_pos,rawdot_neg,logit_pos,logit_neg
/home/woojye2020/decs_jupyter_lab/MedCLIP-SAMv2/UDIAT2/test_images/000001.png,/home/woojye2020/decs_jupyter_lab/MedCLIP-SAMv2/generated_neg_output/udiat_clip_image2prompt_closedform/000001.png,A mammogram displaying a smoothly contoured mass suggestive of a benign breast tumor.,A breast mammogram displaying normal breast structures with no signs of disease or masses.,0.34205201268196106,0.3547418713569641,29.153871536254883,30.23546028137207
/home/woojye2020/decs_jupyter_lab/MedCLIP-SAMv2/UDIAT2/test_images/000002.png,/home/woojye2020/decs_jupyter_lab/MedCLIP-SAMv2/generated_neg_output/udiat_clip_image2prompt_closedform/000002.png,"A medical breast mammogram showing a well-defined, round mass suggestive of a benign breast tumor.","A breast imaging scan displaying normal, well-distributed breast tissue with no evidence of masses or tumors.",0.5795716047286987,0.40143391489982605,49.39821243286133,34.21512985229492
/home/woojye2020/decs_jupyter_lab/MedCLIP-SAMv2/UDIAT2/test_images/000003.png,/home/woojye2020/decs_jupyter_lab/MedCLIP-SAMv2/generated_neg_output/udiat_clip_image2prompt_closedform/000003.png,"A breast imaging scan showing a well-circumscribed, smooth mass indicative of a benign breast tumor.","A mammogram showing no abnormalities in the breast tissue, suggestive of a normal, healthy breast.",0.4103180170059204,0.15591838955879211,34.97233963012695,13.289280891418457
/home/woojye2020/decs_jupyter_lab/MedCLIP-SAMv2/UDIAT2/test_images/000004.png,/home/woojye2020/decs_jupyter_lab/MedCLIP-SAMv2/generated_neg_output/udiat_clip_image2prompt_closedform/000004.png,"A mammogram showing a sharply marginated, round mass suggestive of a benign breast tumor.",A breast mammogram displaying normal breast structures with no signs of disease or masses.,0.15406599640846252,0.3491588830947876,13.131397247314453,29.75960350036621
/home/woojye2020/decs_jupyter_lab/MedCLIP-SAMv2/UDIAT2/test_images/000005.png,/home/woojye2020/decs_jupyter_lab/MedCLIP-SAMv2/generated_neg_output/udiat_clip_image2prompt_closedform/000005.png,"A breast scan showing a smooth, encapsulated mass likely representing a benign breast tumor.",A breast mammogram displaying normal breast structures with no signs of disease or masses.,0.4468787610530853,0.40276309847831726,38.088497161865234,34.32841491699219
/home/woojye2020/decs_jupyter_lab/MedCLIP-SAMv2/UDIAT2/test_images/000006.png,/home/woojye2020/decs_jupyter_lab/MedCLIP-SAMv2/generated_neg_output/udiat_clip_image2prompt_closedform/000006.png,"A medical breast mammogram detecting a non-aggressive, well-defined mass characteristic of a benign tumor.","A mammogram revealing normal breast tissue with no visible masses, calcifications, or distortions.",0.3653658628463745,0.10585092008113861,31.140966415405273,9.021913528442383
/home/woojye2020/decs_jupyter_lab/MedCLIP-SAMv2/UDIAT2/test_images/000007.png,/home/woojye2020/decs_jupyter_lab/MedCLIP-SAMv2/generated_neg_output/udiat_clip_image2prompt_closedform/000007.png,"A medical breast mammogram showing a smooth, well-circumscribed mass suggestive of a benign breast tumor.","A medical breast mammogram showing clear breast tissue with no visible abnormalities, indicating a normal scan.",0.2903316020965576,0.3157053291797638,24.745622634887695,26.908283233642578
/home/woojye2020/decs_jupyter_lab/MedCLIP-SAMv2/UDIAT2/test_images/000008.png,/home/woojye2020/decs_jupyter_lab/MedCLIP-SAMv2/generated_neg_output/udiat_clip_image2prompt_closedform/000008.png,"A mammogram displaying a round, homogeneous mass indicative of a benign breast tumor.","A mammogram showing no abnormalities in the breast tissue, suggestive of a normal, healthy breast.",0.5134996771812439,0.4218513071537018,43.766746520996094,35.95534896850586
/home/woojye2020/decs_jupyter_lab/MedCLIP-SAMv2/UDIAT2/test_images/000009.png,/home/woojye2020/decs_jupyter_lab/MedCLIP-SAMv2/generated_neg_output/udiat_clip_image2prompt_closedform/000009.png,"A breast imaging scan showing a well-circumscribed, smooth mass indicative of a benign breast tumor.",A medical mammogram displaying well-organized breast tissue with no evidence of abnormalities.,0.26576653122901917,0.3243330121040344,22.65188980102539,27.643638610839844
/home/woojye2020/decs_jupyter_lab/MedCLIP-SAMv2/UDIAT2/test_images/000010.png,/home/woojye2020/decs_jupyter_lab/MedCLIP-SAMv2/generated_neg_output/udiat_clip_image2prompt_closedform/000010.png,"A breast imaging study revealing a well-marginated, round mass indicative of a benign breast tumor.","A medical breast mammogram showing clear breast tissue with no visible abnormalities, indicating a normal scan.",0.31390509009361267,0.33884885907173157,26.754844665527344,28.880857467651367
/home/woojye2020/decs_jupyter_lab/MedCLIP-SAMv2/UDIAT2/test_images/000011.png,/home/woojye2020/decs_jupyter_lab/MedCLIP-SAMv2/generated_neg_output/udiat_clip_image2prompt_closedform/000011.png,"A breast scan showing a smooth, encapsulated mass likely representing a benign breast tumor.","A mammogram showing no abnormalities in the breast tissue, suggestive of a normal, healthy breast.",0.4060705602169037,0.3475627303123474,34.61031723022461,29.623565673828125
/home/woojye2020/decs_jupyter_lab/MedCLIP-SAMv2/UDIAT2/test_images/000012.png,/home/woojye2020/decs_jupyter_lab/MedCLIP-SAMv2/generated_neg_output/udiat_clip_image2prompt_closedform/000012.png,A mammogram displaying a smoothly contoured mass suggestive of a benign breast tumor.,A medical mammogram displaying well-organized breast tissue with no evidence of abnormalities.,0.37937864661216736,0.4064866304397583,32.335304260253906,34.645782470703125
/home/woojye2020/decs_jupyter_lab/MedCLIP-SAMv2/UDIAT2/test_images/000013.png,/home/woojye2020/decs_jupyter_lab/MedCLIP-SAMv2/generated_neg_output/udiat_clip_image2prompt_closedform/000013.png,"A breast mammogram identifying a well-encapsulated, smooth mass consistent with a benign tumor.","A mammogram showing no abnormalities in the breast tissue, suggestive of a normal, healthy breast.",0.39052850008010864,0.38841745257377625,33.28562927246094,33.10570526123047
/home/woojye2020/decs_jupyter_lab/MedCLIP-SAMv2/UDIAT2/test_images/000014.png,/home/woojye2020/decs_jupyter_lab/MedCLIP-SAMv2/generated_neg_output/udiat_clip_image2prompt_closedform/000014.png,"A medical mammogram revealing a well-defined, non-irregular mass suggestive of a benign breast tumor.","A breast mammogram showing unremarkable findings consistent with normal, healthy breast tissue.",0.2786004841327667,0.37988629937171936,23.74575424194336,32.378570556640625
/home/woojye2020/decs_jupyter_lab/MedCLIP-SAMv2/UDIAT2/test_images/000015.png,/home/woojye2020/decs_jupyter_lab/MedCLIP-SAMv2/generated_neg_output/udiat_clip_image2prompt_closedform/000015.png,"A mammogram revealing a low-density, well-delineated mass likely representing a benign breast tumor.","A medical breast mammogram showing clear breast tissue with no visible abnormalities, indicating a normal scan.",0.441787987947464,0.25994348526000977,37.65459060668945,22.155574798583984
/home/woojye2020/decs_jupyter_lab/MedCLIP-SAMv2/UDIAT2/test_images/000016.png,/home/woojye2020/decs_jupyter_lab/MedCLIP-SAMv2/generated_neg_output/udiat_clip_image2prompt_closedform/000016.png,"A breast scan identifying a well-defined, oval mass suggestive of a benign breast tumor.","A mammogram revealing normal breast tissue with no visible masses, calcifications, or distortions.",0.37446022033691406,0.33966970443725586,31.91609764099121,28.950824737548828
/home/woojye2020/decs_jupyter_lab/MedCLIP-SAMv2/UDIAT2/test_images/000017.png,/home/woojye2020/decs_jupyter_lab/MedCLIP-SAMv2/generated_neg_output/udiat_clip_image2prompt_closedform/000017.png,"A medical mammogram detecting a smooth, well-defined mass characteristic of a benign breast tumor.","A breast imaging scan displaying normal, well-distributed breast tissue with no evidence of masses or tumors.",0.2362462431192398,0.3263743221759796,20.135807037353516,27.817626953125
/home/woojye2020/decs_jupyter_lab/MedCLIP-SAMv2/UDIAT2/test_images/000018.png,/home/woojye2020/decs_jupyter_lab/MedCLIP-SAMv2/generated_neg_output/udiat_clip_image2prompt_closedform/000018.png,"A mammogram showing a dense, spiculated mass suggestive of a malignant breast tumor.","A mammogram showing no abnormalities in the breast tissue, suggestive of a normal, healthy breast.",0.5928040146827698,0.421358197927475,50.526031494140625,35.91331481933594
/home/woojye2020/decs_jupyter_lab/MedCLIP-SAMv2/UDIAT2/test_images/000019.png,/home/woojye2020/decs_jupyter_lab/MedCLIP-SAMv2/generated_neg_output/udiat_clip_image2prompt_closedform/000019.png,"A medical mammogram detecting a smooth, well-defined mass characteristic of a benign breast tumor.",A breast mammogram displaying normal breast structures with no signs of disease or masses.,0.23281337320804596,0.39577794075012207,19.84321403503418,33.733055114746094
/home/woojye2020/decs_jupyter_lab/MedCLIP-SAMv2/UDIAT2/test_images/000020.png,/home/woojye2020/decs_jupyter_lab/MedCLIP-SAMv2/generated_neg_output/udiat_clip_image2prompt_closedform/000020.png,"A mammogram displaying a round, homogeneous mass indicative of a benign breast tumor.","A mammogram revealing normal breast tissue with no visible masses, calcifications, or distortions.",0.4293128550052643,0.36534225940704346,36.59131622314453,31.138952255249023
/home/woojye2020/decs_jupyter_lab/MedCLIP-SAMv2/UDIAT2/test_images/000021.png,/home/woojye2020/decs_jupyter_lab/MedCLIP-SAMv2/generated_neg_output/udiat_clip_image2prompt_closedform/000021.png,"A breast imaging study revealing a well-defined, encapsulated mass likely representing a benign breast tumor.",A medical breast mammogram showing healthy breast parenchyma with no suspicious findings.,0.49630844593048096,0.4580719470977783,42.3015022277832,39.04251480102539
/home/woojye2020/decs_jupyter_lab/MedCLIP-SAMv2/UDIAT2/test_images/000022.png,/home/woojye2020/decs_jupyter_lab/MedCLIP-SAMv2/generated_neg_output/udiat_clip_image2prompt_closedform/000022.png,"A mammogram displaying a non-invasive, well-defined mass suggestive of a benign breast tumor.","A breast mammogram showing unremarkable findings consistent with normal, healthy breast tissue.",0.49945521354675293,0.4637582302093506,42.5697021484375,39.52716827392578
/home/woojye2020/decs_jupyter_lab/MedCLIP-SAMv2/UDIAT2/test_images/000023.png,/home/woojye2020/decs_jupyter_lab/MedCLIP-SAMv2/generated_neg_output/udiat_clip_image2prompt_closedform/000023.png,"A mammogram revealing an ill-defined, irregular mass likely representing a malignant breast tumor.","A medical breast mammogram showing clear breast tissue with no visible abnormalities, indicating a normal scan.",0.42672568559646606,0.36885136365890503,36.37080383300781,31.43804359436035
/home/woojye2020/decs_jupyter_lab/MedCLIP-SAMv2/UDIAT2/test_images/000024.png,/home/woojye2020/decs_jupyter_lab/MedCLIP-SAMv2/generated_neg_output/udiat_clip_image2prompt_closedform/000024.png,"A medical mammogram revealing a spiculated, invasive mass suggestive of a malignant breast tumor.",A medical mammogram displaying well-organized breast tissue with no evidence of abnormalities.,0.39948514103889465,0.34880074858665466,34.04902648925781,29.729084014892578
/home/woojye2020/decs_jupyter_lab/MedCLIP-SAMv2/UDIAT2/test_images/000025.png,/home/woojye2020/decs_jupyter_lab/MedCLIP-SAMv2/generated_neg_output/udiat_clip_image2prompt_closedform/000025.png,"A breast imaging study revealing an irregularly shaped, invasive mass likely representing a malignant breast tumor.","A mammogram revealing normal breast tissue with no visible masses, calcifications, or distortions.",0.4043421149253845,0.4284122884273529,34.4630012512207,36.51456069946289
/home/woojye2020/decs_jupyter_lab/MedCLIP-SAMv2/UDIAT2/test_images/000026.png,/home/woojye2020/decs_jupyter_lab/MedCLIP-SAMv2/generated_neg_output/udiat_clip_image2prompt_closedform/000026.png,"A mammogram displaying a round, homogeneous mass indicative of a benign breast tumor.",A medical mammogram displaying well-organized breast tissue with no evidence of abnormalities.,0.4271690249443054,0.3751943111419678,36.40858459472656,31.978662490844727
/home/woojye2020/decs_jupyter_lab/MedCLIP-SAMv2/UDIAT2/test_images/000027.png,/home/woojye2020/decs_jupyter_lab/MedCLIP-SAMv2/generated_neg_output/udiat_clip_image2prompt_closedform/000027.png,"A breast imaging study showing an irregular, spiculated mass suggestive of a malignant breast tumor.","A breast mammogram showing unremarkable findings consistent with normal, healthy breast tissue.",0.36888113617897034,0.23940350115299225,31.440582275390625,20.404905319213867
/home/woojye2020/decs_jupyter_lab/MedCLIP-SAMv2/UDIAT2/test_images/000028.png,/home/woojye2020/decs_jupyter_lab/MedCLIP-SAMv2/generated_neg_output/udiat_clip_image2prompt_closedform/000028.png,"A mammogram displaying an irregular, non-homogeneous mass suggestive of a malignant breast tumor.","A breast mammogram showing unremarkable findings consistent with normal, healthy breast tissue.",0.5225003957748413,0.41214415431022644,44.53390884399414,35.12798309326172
/home/woojye2020/decs_jupyter_lab/MedCLIP-SAMv2/UDIAT2/test_images/000029.png,/home/woojye2020/decs_jupyter_lab/MedCLIP-SAMv2/generated_neg_output/udiat_clip_image2prompt_closedform/000029.png,"A medical breast mammogram displaying a heterogeneous, irregular mass consistent with a malignant tumor.",A breast mammogram displaying normal breast structures with no signs of disease or masses.,0.37770795822143555,0.40779900550842285,32.19291305541992,34.75763702392578
/home/woojye2020/decs_jupyter_lab/MedCLIP-SAMv2/UDIAT2/test_images/000030.png,/home/woojye2020/decs_jupyter_lab/MedCLIP-SAMv2/generated_neg_output/udiat_clip_image2prompt_closedform/000030.png,"A medical breast mammogram showing an irregular, spiculated mass suggestive of a malignant breast tumor.","A mammogram showing no abnormalities in the breast tissue, suggestive of a normal, healthy breast.",0.42553427815437317,0.374665230512619,36.26925277709961,31.933570861816406
/home/woojye2020/decs_jupyter_lab/MedCLIP-SAMv2/UDIAT2/test_images/000031.png,/home/woojye2020/decs_jupyter_lab/MedCLIP-SAMv2/generated_neg_output/udiat_clip_image2prompt_closedform/000031.png,"A breast imaging study showing an irregular, spiculated mass suggestive of a malignant breast tumor.",A breast mammogram displaying normal breast structures with no signs of disease or masses.,0.26045483350753784,0.3849182724952698,22.199161529541016,32.807464599609375
/home/woojye2020/decs_jupyter_lab/MedCLIP-SAMv2/UDIAT2/test_images/000032.png,/home/woojye2020/decs_jupyter_lab/MedCLIP-SAMv2/generated_neg_output/udiat_clip_image2prompt_closedform/000032.png,"A breast imaging scan showing a well-circumscribed, smooth mass indicative of a benign breast tumor.",A breast mammogram displaying normal breast structures with no signs of disease or masses.,0.44584333896636963,0.37059497833251953,38.000240325927734,31.586654663085938
/home/woojye2020/decs_jupyter_lab/MedCLIP-SAMv2/UDIAT2/test_images/000033.png,/home/woojye2020/decs_jupyter_lab/MedCLIP-SAMv2/generated_neg_output/udiat_clip_image2prompt_closedform/000033.png,"A breast scan showing a well-contained, round mass likely indicating a benign breast tumor.","A breast imaging scan displaying normal, well-distributed breast tissue with no evidence of masses or tumors.",0.21494221687316895,0.3002423942089081,18.32001495361328,25.590343475341797
/home/woojye2020/decs_jupyter_lab/MedCLIP-SAMv2/UDIAT2/test_images/000034.png,/home/woojye2020/decs_jupyter_lab/MedCLIP-SAMv2/generated_neg_output/udiat_clip_image2prompt_closedform/000034.png,"A medical mammogram revealing a well-defined, non-irregular mass suggestive of a benign breast tumor.",A medical breast mammogram showing healthy breast parenchyma with no suspicious findings.,0.386661559343338,0.3559326231479645,32.9560432434082,30.336944580078125
/home/woojye2020/decs_jupyter_lab/MedCLIP-SAMv2/UDIAT2/test_images/000035.png,/home/woojye2020/decs_jupyter_lab/MedCLIP-SAMv2/generated_neg_output/udiat_clip_image2prompt_closedform/000035.png,"A breast scan identifying a well-defined, oval mass suggestive of a benign breast tumor.",A medical breast mammogram showing healthy breast parenchyma with no suspicious findings.,0.39865821599960327,0.31565383076667786,33.978546142578125,26.903892517089844
/home/woojye2020/decs_jupyter_lab/MedCLIP-SAMv2/UDIAT2/test_images/000036.png,/home/woojye2020/decs_jupyter_lab/MedCLIP-SAMv2/generated_neg_output/udiat_clip_image2prompt_closedform/000036.png,"A mammogram displaying a non-invasive, well-defined mass suggestive of a benign breast tumor.","A mammogram showing no abnormalities in the breast tissue, suggestive of a normal, healthy breast.",0.1534596085548401,0.4166221618652344,13.079712867736816,35.50965881347656
/home/woojye2020/decs_jupyter_lab/MedCLIP-SAMv2/UDIAT2/test_images/000037.png,/home/woojye2020/decs_jupyter_lab/MedCLIP-SAMv2/generated_neg_output/udiat_clip_image2prompt_closedform/000037.png,"A mammogram revealing a low-density, well-delineated mass likely representing a benign breast tumor.",A breast mammogram displaying normal breast structures with no signs of disease or masses.,0.2514573335647583,0.39078933000564575,21.432281494140625,33.307865142822266
/home/woojye2020/decs_jupyter_lab/MedCLIP-SAMv2/UDIAT2/test_images/000038.png,/home/woojye2020/decs_jupyter_lab/MedCLIP-SAMv2/generated_neg_output/udiat_clip_image2prompt_closedform/000038.png,"A breast imaging study revealing a well-marginated, round mass indicative of a benign breast tumor.","A medical breast imaging study revealing clear, unremarkable breast tissue consistent with a healthy scan.",0.2986004948616028,0.2546565532684326,25.45039939880371,21.704957962036133
/home/woojye2020/decs_jupyter_lab/MedCLIP-SAMv2/UDIAT2/test_images/000039.png,/home/woojye2020/decs_jupyter_lab/MedCLIP-SAMv2/generated_neg_output/udiat_clip_image2prompt_closedform/000039.png,"A breast scan showing a smooth, encapsulated mass likely representing a benign breast tumor.","A mammogram showing no abnormalities in the breast tissue, suggestive of a normal, healthy breast.",0.36971884965896606,0.3842366933822632,31.511980056762695,32.749366760253906
/home/woojye2020/decs_jupyter_lab/MedCLIP-SAMv2/UDIAT2/test_images/000040.png,/home/woojye2020/decs_jupyter_lab/MedCLIP-SAMv2/generated_neg_output/udiat_clip_image2prompt_closedform/000040.png,"A breast scan identifying a well-defined, oval mass suggestive of a benign breast tumor.","A breast imaging study showing clear, homogeneous breast tissue with no signs of pathology.",0.4444856345653534,0.38292989134788513,37.884521484375,32.63798522949219
/home/woojye2020/decs_jupyter_lab/MedCLIP-SAMv2/UDIAT2/test_images/000041.png,/home/woojye2020/decs_jupyter_lab/MedCLIP-SAMv2/generated_neg_output/udiat_clip_image2prompt_closedform/000041.png,"A breast scan showing a spiculated, invasive mass likely indicating a malignant breast tumor.","A breast imaging scan displaying normal, well-distributed breast tissue with no evidence of masses or tumors.",0.45373213291168213,0.32131487131118774,38.67262649536133,27.386396408081055
/home/woojye2020/decs_jupyter_lab/MedCLIP-SAMv2/UDIAT2/test_images/000042.png,/home/woojye2020/decs_jupyter_lab/MedCLIP-SAMv2/generated_neg_output/udiat_clip_image2prompt_closedform/000042.png,A mammogram displaying a smoothly contoured mass suggestive of a benign breast tumor.,A medical mammogram displaying well-organized breast tissue with no evidence of abnormalities.,0.2564006447792053,0.31642189621925354,21.853609085083008,26.969358444213867
/home/woojye2020/decs_jupyter_lab/MedCLIP-SAMv2/UDIAT2/test_images/000043.png,/home/woojye2020/decs_jupyter_lab/MedCLIP-SAMv2/generated_neg_output/udiat_clip_image2prompt_closedform/000043.png,"A breast imaging scan showing a spiculated, invasive mass indicative of a malignant breast tumor.",A medical breast mammogram showing healthy breast parenchyma with no suspicious findings.,0.504368007183075,0.3641412854194641,42.98843765258789,31.036588668823242
/home/woojye2020/decs_jupyter_lab/MedCLIP-SAMv2/UDIAT2/test_images/000044.png,/home/woojye2020/decs_jupyter_lab/MedCLIP-SAMv2/generated_neg_output/udiat_clip_image2prompt_closedform/000044.png,"A medical breast mammogram showing an irregular, spiculated mass suggestive of a malignant breast tumor.","A mammogram showing no abnormalities in the breast tissue, suggestive of a normal, healthy breast.",0.49242788553237915,0.14401619136333466,41.97074890136719,12.274825096130371
/home/woojye2020/decs_jupyter_lab/MedCLIP-SAMv2/UDIAT2/test_images/000045.png,/home/woojye2020/decs_jupyter_lab/MedCLIP-SAMv2/generated_neg_output/udiat_clip_image2prompt_closedform/000045.png,"A medical breast mammogram showing an irregular, spiculated mass suggestive of a malignant breast tumor.",A medical breast mammogram showing healthy breast parenchyma with no suspicious findings.,0.4135892689228058,0.388184517621994,35.251155853271484,33.085845947265625
/home/woojye2020/decs_jupyter_lab/MedCLIP-SAMv2/UDIAT2/test_images/000046.png,/home/woojye2020/decs_jupyter_lab/MedCLIP-SAMv2/generated_neg_output/udiat_clip_image2prompt_closedform/000046.png,"A breast scan showing a spiculated, invasive mass likely indicating a malignant breast tumor.","A breast imaging scan displaying normal, well-distributed breast tissue with no evidence of masses or tumors.",0.19368137419223785,0.4311160445213318,16.507904052734375,36.74500274658203
/home/woojye2020/decs_jupyter_lab/MedCLIP-SAMv2/UDIAT2/test_images/000047.png,/home/woojye2020/decs_jupyter_lab/MedCLIP-SAMv2/generated_neg_output/udiat_clip_image2prompt_closedform/000047.png,"A mammogram displaying a poorly defined, lobulated mass indicative of a malignant breast tumor.","A mammogram showing no abnormalities in the breast tissue, suggestive of a normal, healthy breast.",0.40964674949645996,0.4293704032897949,34.91512680053711,36.59621810913086
/home/woojye2020/decs_jupyter_lab/MedCLIP-SAMv2/UDIAT2/test_images/000048.png,/home/woojye2020/decs_jupyter_lab/MedCLIP-SAMv2/generated_neg_output/udiat_clip_image2prompt_closedform/000048.png,"A medical breast mammogram detecting a spiculated, irregular mass characteristic of a malignant tumor.",A medical breast mammogram showing healthy breast parenchyma with no suspicious findings.,0.18491925299167633,0.34059417247772217,15.761089324951172,29.029613494873047
/home/woojye2020/decs_jupyter_lab/MedCLIP-SAMv2/UDIAT2/test_images/000049.png,/home/woojye2020/decs_jupyter_lab/MedCLIP-SAMv2/generated_neg_output/udiat_clip_image2prompt_closedform/000049.png,"A medical breast mammogram displaying a heterogeneous, irregular mass consistent with a malignant tumor.","A breast imaging study showing clear, homogeneous breast tissue with no signs of pathology.",0.4269399046897888,0.35321348905563354,36.389060974121094,30.105192184448242
/home/woojye2020/decs_jupyter_lab/MedCLIP-SAMv2/UDIAT2/test_images/000050.png,/home/woojye2020/decs_jupyter_lab/MedCLIP-SAMv2/generated_neg_output/udiat_clip_image2prompt_closedform/000050.png,"A breast scan showing a spiculated, invasive mass likely indicating a malignant breast tumor.","A breast imaging study showing clear, homogeneous breast tissue with no signs of pathology.",0.44793185591697693,0.42467522621154785,38.178253173828125,36.19603729248047
/home/woojye2020/decs_jupyter_lab/MedCLIP-SAMv2/UDIAT2/test_images/000051.png,/home/woojye2020/decs_jupyter_lab/MedCLIP-SAMv2/generated_neg_output/udiat_clip_image2prompt_closedform/000051.png,"A mammogram showing a sharply marginated, round mass suggestive of a benign breast tumor.","A breast imaging scan displaying normal, well-distributed breast tissue with no evidence of masses or tumors.",0.4699901044368744,0.4004436135292053,40.05832290649414,34.1307258605957
/home/woojye2020/decs_jupyter_lab/MedCLIP-SAMv2/UDIAT2/test_images/000052.png,/home/woojye2020/decs_jupyter_lab/MedCLIP-SAMv2/generated_neg_output/udiat_clip_image2prompt_closedform/000052.png,"A mammogram showing a sharply marginated, round mass suggestive of a benign breast tumor.","A mammogram showing no abnormalities in the breast tissue, suggestive of a normal, healthy breast.",0.5318118333816528,0.32644617557525635,45.32752990722656,27.82375144958496
/home/woojye2020/decs_jupyter_lab/MedCLIP-SAMv2/UDIAT2/test_images/000053.png,/home/woojye2020/decs_jupyter_lab/MedCLIP-SAMv2/generated_neg_output/udiat_clip_image2prompt_closedform/000053.png,"A breast scan showing an ill-defined, invasive mass likely representing a malignant breast tumor.",A medical mammogram displaying well-organized breast tissue with no evidence of abnormalities.,0.3632035255432129,0.21974916756153107,30.956666946411133,18.729717254638672
/home/woojye2020/decs_jupyter_lab/MedCLIP-SAMv2/UDIAT2/test_images/000054.png,/home/woojye2020/decs_jupyter_lab/MedCLIP-SAMv2/generated_neg_output/udiat_clip_image2prompt_closedform/000054.png,"A mammogram revealing an ill-defined, irregular mass likely representing a malignant breast tumor.","A breast mammogram showing unremarkable findings consistent with normal, healthy breast tissue.",0.5165659189224243,0.4053945541381836,44.0280876159668,34.55270004272461
/home/woojye2020/decs_jupyter_lab/MedCLIP-SAMv2/UDIAT2/test_images/000055.png,/home/woojye2020/decs_jupyter_lab/MedCLIP-SAMv2/generated_neg_output/udiat_clip_image2prompt_closedform/000055.png,"A breast mammogram identifying an irregular, dense mass consistent with a malignant tumor.","A breast mammogram showing unremarkable findings consistent with normal, healthy breast tissue.",0.33882102370262146,0.29101359844207764,28.87848663330078,24.803754806518555
/home/woojye2020/decs_jupyter_lab/MedCLIP-SAMv2/UDIAT2/test_images/000056.png,/home/woojye2020/decs_jupyter_lab/MedCLIP-SAMv2/generated_neg_output/udiat_clip_image2prompt_closedform/000056.png,"A breast scan showing a well-contained, round mass likely indicating a benign breast tumor.",A medical breast mammogram showing healthy breast parenchyma with no suspicious findings.,0.4464724659919739,0.37619179487228394,38.053863525390625,32.063690185546875
/home/woojye2020/decs_jupyter_lab/MedCLIP-SAMv2/UDIAT2/test_images/000057.png,/home/woojye2020/decs_jupyter_lab/MedCLIP-SAMv2/generated_neg_output/udiat_clip_image2prompt_closedform/000057.png,"A breast imaging scan showing a spiculated, invasive mass indicative of a malignant breast tumor.","A medical breast imaging study revealing clear, unremarkable breast tissue consistent with a healthy scan.",0.45463210344314575,0.3345334827899933,38.749332427978516,28.51304817199707
/home/woojye2020/decs_jupyter_lab/MedCLIP-SAMv2/UDIAT2/test_images/000058.png,/home/woojye2020/decs_jupyter_lab/MedCLIP-SAMv2/generated_neg_output/udiat_clip_image2prompt_closedform/000058.png,"A mammogram displaying a non-spiculated, round mass suggestive of a benign breast tumor.","A breast imaging study showing clear, homogeneous breast tissue with no signs of pathology.",0.4867086410522461,0.4346809387207031,41.48328399658203,37.04884719848633
/home/woojye2020/decs_jupyter_lab/MedCLIP-SAMv2/UDIAT2/test_images/000059.png,/home/woojye2020/decs_jupyter_lab/MedCLIP-SAMv2/generated_neg_output/udiat_clip_image2prompt_closedform/000059.png,"A mammogram displaying a round, homogeneous mass indicative of a benign breast tumor.","A medical breast mammogram showing clear breast tissue with no visible abnormalities, indicating a normal scan.",0.4095703661441803,0.42769038677215576,34.90861129760742,36.45302963256836
/home/woojye2020/decs_jupyter_lab/MedCLIP-SAMv2/UDIAT2/test_images/000060.png,/home/woojye2020/decs_jupyter_lab/MedCLIP-SAMv2/generated_neg_output/udiat_clip_image2prompt_closedform/000060.png,"A breast imaging study revealing a well-defined, encapsulated mass likely representing a benign breast tumor.","A medical breast imaging study revealing clear, unremarkable breast tissue consistent with a healthy scan.",0.38669252395629883,0.4037604033946991,32.95868682861328,34.41341781616211
/home/woojye2020/decs_jupyter_lab/MedCLIP-SAMv2/UDIAT2/test_images/000061.png,/home/woojye2020/decs_jupyter_lab/MedCLIP-SAMv2/generated_neg_output/udiat_clip_image2prompt_closedform/000061.png,A mammogram displaying a smoothly contoured mass suggestive of a benign breast tumor.,"A medical breast imaging study revealing clear, unremarkable breast tissue consistent with a healthy scan.",0.44632449746131897,0.3435942828655243,38.041255950927734,29.285322189331055
/home/woojye2020/decs_jupyter_lab/MedCLIP-SAMv2/UDIAT2/test_images/000062.png,/home/woojye2020/decs_jupyter_lab/MedCLIP-SAMv2/generated_neg_output/udiat_clip_image2prompt_closedform/000062.png,"A breast mammogram identifying a well-encapsulated, smooth mass consistent with a benign tumor.","A breast mammogram showing unremarkable findings consistent with normal, healthy breast tissue.",0.44280144572257996,0.3448862135410309,37.740970611572266,29.39543914794922
/home/woojye2020/decs_jupyter_lab/MedCLIP-SAMv2/UDIAT2/test_images/000063.png,/home/woojye2020/decs_jupyter_lab/MedCLIP-SAMv2/generated_neg_output/udiat_clip_image2prompt_closedform/000063.png,"A mammogram displaying a round, homogeneous mass indicative of a benign breast tumor.","A mammogram revealing normal breast tissue with no visible masses, calcifications, or distortions.",0.447037011384964,0.467094361782074,38.10198211669922,39.8115119934082
/home/woojye2020/decs_jupyter_lab/MedCLIP-SAMv2/UDIAT2/test_images/000064.png,/home/woojye2020/decs_jupyter_lab/MedCLIP-SAMv2/generated_neg_output/udiat_clip_image2prompt_closedform/000064.png,"A breast scan showing a well-contained, round mass likely indicating a benign breast tumor.","A breast mammogram showing unremarkable findings consistent with normal, healthy breast tissue.",0.5510417819023132,0.34785130620002747,46.96654510498047,29.648157119750977
/home/woojye2020/decs_jupyter_lab/MedCLIP-SAMv2/UDIAT2/test_images/000065.png,/home/woojye2020/decs_jupyter_lab/MedCLIP-SAMv2/generated_neg_output/udiat_clip_image2prompt_closedform/000065.png,"A medical mammogram revealing a well-defined, non-irregular mass suggestive of a benign breast tumor.",A medical mammogram displaying well-organized breast tissue with no evidence of abnormalities.,0.3115238547325134,0.4060547947883606,26.551889419555664,34.608970642089844
/home/woojye2020/decs_jupyter_lab/MedCLIP-SAMv2/UDIAT2/test_images/000066.png,/home/woojye2020/decs_jupyter_lab/MedCLIP-SAMv2/generated_neg_output/udiat_clip_image2prompt_closedform/000066.png,"A mammogram revealing a low-density, well-delineated mass likely representing a benign breast tumor.",A medical mammogram displaying well-organized breast tissue with no evidence of abnormalities.,0.42454856634140015,0.3885842263698578,36.18524169921875,33.11992263793945
/home/woojye2020/decs_jupyter_lab/MedCLIP-SAMv2/UDIAT2/test_images/000067.png,/home/woojye2020/decs_jupyter_lab/MedCLIP-SAMv2/generated_neg_output/udiat_clip_image2prompt_closedform/000067.png,"A medical breast mammogram showing a well-defined, round mass suggestive of a benign breast tumor.",A breast mammogram displaying normal breast structures with no signs of disease or masses.,0.16078808903694153,0.2751012146472931,13.70433521270752,23.44750213623047
/home/woojye2020/decs_jupyter_lab/MedCLIP-SAMv2/UDIAT2/test_images/000068.png,/home/woojye2020/decs_jupyter_lab/MedCLIP-SAMv2/generated_neg_output/udiat_clip_image2prompt_closedform/000068.png,"A breast scan showing a smooth, encapsulated mass likely representing a benign breast tumor.","A breast imaging scan displaying normal, well-distributed breast tissue with no evidence of masses or tumors.",0.46164655685424805,0.39384567737579346,39.34718704223633,33.568363189697266
/home/woojye2020/decs_jupyter_lab/MedCLIP-SAMv2/UDIAT2/test_images/000069.png,/home/woojye2020/decs_jupyter_lab/MedCLIP-SAMv2/generated_neg_output/udiat_clip_image2prompt_closedform/000069.png,A mammogram displaying a smoothly contoured mass suggestive of a benign breast tumor.,A medical breast mammogram showing healthy breast parenchyma with no suspicious findings.,0.30614230036735535,0.3928283751010895,26.09320831298828,33.48165512084961
/home/woojye2020/decs_jupyter_lab/MedCLIP-SAMv2/UDIAT2/test_images/000070.png,/home/woojye2020/decs_jupyter_lab/MedCLIP-SAMv2/generated_neg_output/udiat_clip_image2prompt_closedform/000070.png,"A breast imaging study revealing a well-defined, encapsulated mass likely representing a benign breast tumor.","A breast imaging scan displaying normal, well-distributed breast tissue with no evidence of masses or tumors.",0.4935806393623352,0.38028302788734436,42.069000244140625,32.412391662597656
/home/woojye2020/decs_jupyter_lab/MedCLIP-SAMv2/UDIAT2/test_images/000071.png,/home/woojye2020/decs_jupyter_lab/MedCLIP-SAMv2/generated_neg_output/udiat_clip_image2prompt_closedform/000071.png,"A breast mammogram identifying a well-encapsulated, smooth mass consistent with a benign tumor.","A medical breast imaging study revealing clear, unremarkable breast tissue consistent with a healthy scan.",0.3371414542198181,0.4182698726654053,28.735334396362305,35.65009307861328
/home/woojye2020/decs_jupyter_lab/MedCLIP-SAMv2/UDIAT2/test_images/000072.png,/home/woojye2020/decs_jupyter_lab/MedCLIP-SAMv2/generated_neg_output/udiat_clip_image2prompt_closedform/000072.png,"A medical mammogram revealing a well-defined, non-irregular mass suggestive of a benign breast tumor.","A medical breast mammogram showing clear breast tissue with no visible abnormalities, indicating a normal scan.",0.3346986770629883,0.4195519685745239,28.527128219604492,35.759368896484375
/home/woojye2020/decs_jupyter_lab/MedCLIP-SAMv2/UDIAT2/test_images/000073.png,/home/woojye2020/decs_jupyter_lab/MedCLIP-SAMv2/generated_neg_output/udiat_clip_image2prompt_closedform/000073.png,"A mammogram revealing a low-density, well-delineated mass likely representing a benign breast tumor.",A medical mammogram displaying well-organized breast tissue with no evidence of abnormalities.,0.3797745704650879,0.3985489010810852,32.36905288696289,33.96923065185547
/home/woojye2020/decs_jupyter_lab/MedCLIP-SAMv2/UDIAT2/test_images/000074.png,/home/woojye2020/decs_jupyter_lab/MedCLIP-SAMv2/generated_neg_output/udiat_clip_image2prompt_closedform/000074.png,"A breast scan identifying a well-defined, oval mass suggestive of a benign breast tumor.",A medical mammogram displaying well-organized breast tissue with no evidence of abnormalities.,0.43757688999176025,0.46192654967308044,37.29567337036133,39.371055603027344
/home/woojye2020/decs_jupyter_lab/MedCLIP-SAMv2/UDIAT2/test_images/000075.png,/home/woojye2020/decs_jupyter_lab/MedCLIP-SAMv2/generated_neg_output/udiat_clip_image2prompt_closedform/000075.png,"A breast imaging study revealing a well-defined, encapsulated mass likely representing a benign breast tumor.","A breast imaging scan displaying normal, well-distributed breast tissue with no evidence of masses or tumors.",0.5098114013671875,0.42023617029190063,43.45238494873047,35.817684173583984
/home/woojye2020/decs_jupyter_lab/MedCLIP-SAMv2/UDIAT2/test_images/000076.png,/home/woojye2020/decs_jupyter_lab/MedCLIP-SAMv2/generated_neg_output/udiat_clip_image2prompt_closedform/000076.png,A mammogram displaying a smoothly contoured mass suggestive of a benign breast tumor.,A medical mammogram displaying well-organized breast tissue with no evidence of abnormalities.,0.40506088733673096,0.40078017115592957,34.52426528930664,34.15940475463867
/home/woojye2020/decs_jupyter_lab/MedCLIP-SAMv2/UDIAT2/test_images/000077.png,/home/woojye2020/decs_jupyter_lab/MedCLIP-SAMv2/generated_neg_output/udiat_clip_image2prompt_closedform/000077.png,"A breast imaging study revealing a well-marginated, round mass indicative of a benign breast tumor.","A mammogram showing no abnormalities in the breast tissue, suggestive of a normal, healthy breast.",0.38513627648353577,0.33027079701423645,32.82604217529297,28.14973258972168
/home/woojye2020/decs_jupyter_lab/MedCLIP-SAMv2/UDIAT2/test_images/000078.png,/home/woojye2020/decs_jupyter_lab/MedCLIP-SAMv2/generated_neg_output/udiat_clip_image2prompt_closedform/000078.png,"A mammogram showing a sharply marginated, round mass suggestive of a benign breast tumor.",A medical breast mammogram showing healthy breast parenchyma with no suspicious findings.,0.3521704375743866,0.4068731963634491,30.01628875732422,34.67873001098633
/home/woojye2020/decs_jupyter_lab/MedCLIP-SAMv2/UDIAT2/test_images/000079.png,/home/woojye2020/decs_jupyter_lab/MedCLIP-SAMv2/generated_neg_output/udiat_clip_image2prompt_closedform/000079.png,"A breast scan identifying a well-defined, oval mass suggestive of a benign breast tumor.",A medical mammogram displaying well-organized breast tissue with no evidence of abnormalities.,0.3240516483783722,0.3956795632839203,27.619659423828125,33.724674224853516
/home/woojye2020/decs_jupyter_lab/MedCLIP-SAMv2/UDIAT2/test_images/000080.png,/home/woojye2020/decs_jupyter_lab/MedCLIP-SAMv2/generated_neg_output/udiat_clip_image2prompt_closedform/000080.png,"A mammogram displaying a non-spiculated, round mass suggestive of a benign breast tumor.","A medical breast mammogram showing clear breast tissue with no visible abnormalities, indicating a normal scan.",0.40217798948287964,0.45615246891975403,34.27854919433594,38.87891387939453
/home/woojye2020/decs_jupyter_lab/MedCLIP-SAMv2/UDIAT2/test_images/000081.png,/home/woojye2020/decs_jupyter_lab/MedCLIP-SAMv2/generated_neg_output/udiat_clip_image2prompt_closedform/000081.png,"A breast imaging study revealing a well-marginated, round mass indicative of a benign breast tumor.",A medical breast mammogram showing healthy breast parenchyma with no suspicious findings.,0.5795174241065979,0.4094841480255127,49.39358901977539,34.901268005371094
/home/woojye2020/decs_jupyter_lab/MedCLIP-SAMv2/UDIAT2/test_images/000082.png,/home/woojye2020/decs_jupyter_lab/MedCLIP-SAMv2/generated_neg_output/udiat_clip_image2prompt_closedform/000082.png,"A breast imaging study showing a homogenous, well-circumscribed mass indicative of a benign tumor.","A medical breast mammogram showing clear breast tissue with no visible abnormalities, indicating a normal scan.",0.35388708114624023,0.3149828612804413,30.162599563598633,26.846708297729492
/home/woojye2020/decs_jupyter_lab/MedCLIP-SAMv2/UDIAT2/test_images/000083.png,/home/woojye2020/decs_jupyter_lab/MedCLIP-SAMv2/generated_neg_output/udiat_clip_image2prompt_closedform/000083.png,"A breast imaging study revealing a well-defined, encapsulated mass likely representing a benign breast tumor.",A medical breast mammogram showing healthy breast parenchyma with no suspicious findings.,0.392981618642807,0.36420121788978577,33.49471664428711,31.041702270507812
/home/woojye2020/decs_jupyter_lab/MedCLIP-SAMv2/UDIAT2/test_images/000084.png,/home/woojye2020/decs_jupyter_lab/MedCLIP-SAMv2/generated_neg_output/udiat_clip_image2prompt_closedform/000084.png,"A breast imaging study showing a well-margined, round mass suggestive of a benign breast tumor.","A mammogram showing no abnormalities in the breast tissue, suggestive of a normal, healthy breast.",0.48635661602020264,0.3970035910606384,41.45328140258789,33.837520599365234
/home/woojye2020/decs_jupyter_lab/MedCLIP-SAMv2/UDIAT2/test_images/000085.png,/home/woojye2020/decs_jupyter_lab/MedCLIP-SAMv2/generated_neg_output/udiat_clip_image2prompt_closedform/000085.png,"A medical breast mammogram showing a smooth, well-circumscribed mass suggestive of a benign breast tumor.","A mammogram showing no abnormalities in the breast tissue, suggestive of a normal, healthy breast.",0.45682793855667114,0.45332011580467224,38.936485290527344,38.63750457763672
/home/woojye2020/decs_jupyter_lab/MedCLIP-SAMv2/UDIAT2/test_images/000086.png,/home/woojye2020/decs_jupyter_lab/MedCLIP-SAMv2/generated_neg_output/udiat_clip_image2prompt_closedform/000086.png,"A medical breast mammogram detecting a non-aggressive, well-defined mass characteristic of a benign tumor.",A breast mammogram displaying normal breast structures with no signs of disease or masses.,0.40529316663742065,0.39867305755615234,34.54405975341797,33.97980880737305
/home/woojye2020/decs_jupyter_lab/MedCLIP-SAMv2/UDIAT2/test_images/000087.png,/home/woojye2020/decs_jupyter_lab/MedCLIP-SAMv2/generated_neg_output/udiat_clip_image2prompt_closedform/000087.png,"A mammogram displaying a round, homogeneous mass indicative of a benign breast tumor.","A breast imaging study showing clear, homogeneous breast tissue with no signs of pathology.",0.4129405617713928,0.44264742732048035,35.195865631103516,37.727848052978516
/home/woojye2020/decs_jupyter_lab/MedCLIP-SAMv2/UDIAT2/test_images/000088.png,/home/woojye2020/decs_jupyter_lab/MedCLIP-SAMv2/generated_neg_output/udiat_clip_image2prompt_closedform/000088.png,"A mammogram displaying a round, homogeneous mass indicative of a benign breast tumor.",A medical mammogram displaying well-organized breast tissue with no evidence of abnormalities.,0.5026736259460449,0.29244986176490784,42.844024658203125,24.926164627075195
/home/woojye2020/decs_jupyter_lab/MedCLIP-SAMv2/UDIAT2/test_images/000089.png,/home/woojye2020/decs_jupyter_lab/MedCLIP-SAMv2/generated_neg_output/udiat_clip_image2prompt_closedform/000089.png,"A mammogram showing a sharply marginated, round mass suggestive of a benign breast tumor.","A medical breast imaging study revealing clear, unremarkable breast tissue consistent with a healthy scan.",0.46962088346481323,0.34669166803359985,40.02685546875,29.5493221282959
/home/woojye2020/decs_jupyter_lab/MedCLIP-SAMv2/UDIAT2/test_images/000090.png,/home/woojye2020/decs_jupyter_lab/MedCLIP-SAMv2/generated_neg_output/udiat_clip_image2prompt_closedform/000090.png,"A breast imaging study showing a homogenous, well-circumscribed mass indicative of a benign tumor.",A medical mammogram displaying well-organized breast tissue with no evidence of abnormalities.,0.31946074962615967,0.3837362229824066,27.228368759155273,32.70671081542969
/home/woojye2020/decs_jupyter_lab/MedCLIP-SAMv2/UDIAT2/test_images/000091.png,/home/woojye2020/decs_jupyter_lab/MedCLIP-SAMv2/generated_neg_output/udiat_clip_image2prompt_closedform/000091.png,"A breast scan identifying a well-defined, oval mass suggestive of a benign breast tumor.","A breast imaging scan displaying normal, well-distributed breast tissue with no evidence of masses or tumors.",0.31377851963043213,0.40450575947761536,26.74405860900879,34.47694778442383
/home/woojye2020/decs_jupyter_lab/MedCLIP-SAMv2/UDIAT2/test_images/000092.png,/home/woojye2020/decs_jupyter_lab/MedCLIP-SAMv2/generated_neg_output/udiat_clip_image2prompt_closedform/000092.png,"A mammogram displaying a non-spiculated, round mass suggestive of a benign breast tumor.","A breast mammogram showing unremarkable findings consistent with normal, healthy breast tissue.",0.24694746732711792,0.14186877012252808,21.047895431518555,12.091796875
/home/woojye2020/decs_jupyter_lab/MedCLIP-SAMv2/UDIAT2/test_images/000093.png,/home/woojye2020/decs_jupyter_lab/MedCLIP-SAMv2/generated_neg_output/udiat_clip_image2prompt_closedform/000093.png,"A breast mammogram identifying a well-encapsulated, smooth mass consistent with a benign tumor.","A mammogram showing no abnormalities in the breast tissue, suggestive of a normal, healthy breast.",0.3814007639884949,0.34880203008651733,32.507659912109375,29.729190826416016
/home/woojye2020/decs_jupyter_lab/MedCLIP-SAMv2/UDIAT2/test_images/000094.png,/home/woojye2020/decs_jupyter_lab/MedCLIP-SAMv2/generated_neg_output/udiat_clip_image2prompt_closedform/000094.png,"A breast scan showing a smooth, encapsulated mass likely representing a benign breast tumor.","A mammogram showing no abnormalities in the breast tissue, suggestive of a normal, healthy breast.",0.2185012847185135,0.4519258439540863,18.623363494873047,38.51866912841797
/home/woojye2020/decs_jupyter_lab/MedCLIP-SAMv2/UDIAT2/test_images/000095.png,/home/woojye2020/decs_jupyter_lab/MedCLIP-SAMv2/generated_neg_output/udiat_clip_image2prompt_closedform/000095.png,"A breast imaging study showing a well-margined, round mass suggestive of a benign breast tumor.","A mammogram revealing normal breast tissue with no visible masses, calcifications, or distortions.",0.4266100823879242,0.46970221400260925,36.3609504699707,40.033790588378906
/home/woojye2020/decs_jupyter_lab/MedCLIP-SAMv2/UDIAT2/test_images/000096.png,/home/woojye2020/decs_jupyter_lab/MedCLIP-SAMv2/generated_neg_output/udiat_clip_image2prompt_closedform/000096.png,A mammogram displaying a smoothly contoured mass suggestive of a benign breast tumor.,A medical breast mammogram showing healthy breast parenchyma with no suspicious findings.,0.4619312882423401,0.32137203216552734,39.37145233154297,27.391267776489258
/home/woojye2020/decs_jupyter_lab/MedCLIP-SAMv2/UDIAT2/test_images/000097.png,/home/woojye2020/decs_jupyter_lab/MedCLIP-SAMv2/generated_neg_output/udiat_clip_image2prompt_closedform/000097.png,"A medical mammogram revealing a well-defined, non-irregular mass suggestive of a benign breast tumor.",A medical mammogram displaying well-organized breast tissue with no evidence of abnormalities.,0.3748794198036194,0.3908638656139374,31.951826095581055,33.3142204284668
/home/woojye2020/decs_jupyter_lab/MedCLIP-SAMv2/UDIAT2/test_images/000098.png,/home/woojye2020/decs_jupyter_lab/MedCLIP-SAMv2/generated_neg_output/udiat_clip_image2prompt_closedform/000098.png,"A medical mammogram revealing a well-defined, non-irregular mass suggestive of a benign breast tumor.",A breast mammogram displaying normal breast structures with no signs of disease or masses.,0.3938941955566406,0.2663705050945282,33.5724983215332,22.703367233276367
/home/woojye2020/decs_jupyter_lab/MedCLIP-SAMv2/UDIAT2/test_images/000099.png,/home/woojye2020/decs_jupyter_lab/MedCLIP-SAMv2/generated_neg_output/udiat_clip_image2prompt_closedform/000099.png,"A breast imaging scan showing a well-circumscribed, smooth mass indicative of a benign breast tumor.","A mammogram showing no abnormalities in the breast tissue, suggestive of a normal, healthy breast.",0.26767557859420776,0.07620824873447418,22.81459617614746,6.49540376663208
/home/woojye2020/decs_jupyter_lab/MedCLIP-SAMv2/UDIAT2/test_images/000100.png,/home/woojye2020/decs_jupyter_lab/MedCLIP-SAMv2/generated_neg_output/udiat_clip_image2prompt_closedform/000100.png,"A mammogram displaying a round, homogeneous mass indicative of a benign breast tumor.",A medical breast mammogram showing healthy breast parenchyma with no suspicious findings.,0.30440449714660645,0.04245511442422867,25.945091247558594,3.6185457706451416
/home/woojye2020/decs_jupyter_lab/MedCLIP-SAMv2/UDIAT2/test_images/000101.png,/home/woojye2020/decs_jupyter_lab/MedCLIP-SAMv2/generated_neg_output/udiat_clip_image2prompt_closedform/000101.png,"A medical breast mammogram showing a well-defined, round mass suggestive of a benign breast tumor.","A breast mammogram showing unremarkable findings consistent with normal, healthy breast tissue.",0.3477729558944702,0.24354298412799835,29.641477584838867,20.75772476196289
/home/woojye2020/decs_jupyter_lab/MedCLIP-SAMv2/UDIAT2/test_images/000102.png,/home/woojye2020/decs_jupyter_lab/MedCLIP-SAMv2/generated_neg_output/udiat_clip_image2prompt_closedform/000102.png,"A breast scan showing a smooth, encapsulated mass likely representing a benign breast tumor.","A mammogram showing no abnormalities in the breast tissue, suggestive of a normal, healthy breast.",0.4314052164554596,0.3855055570602417,36.769649505615234,32.857513427734375
/home/woojye2020/decs_jupyter_lab/MedCLIP-SAMv2/UDIAT2/test_images/000103.png,/home/woojye2020/decs_jupyter_lab/MedCLIP-SAMv2/generated_neg_output/udiat_clip_image2prompt_closedform/000103.png,"A medical breast mammogram detecting a non-aggressive, well-defined mass characteristic of a benign tumor.","A mammogram showing no abnormalities in the breast tissue, suggestive of a normal, healthy breast.",0.4037151336669922,0.3595384657382965,34.4095573425293,30.6442813873291
/home/woojye2020/decs_jupyter_lab/MedCLIP-SAMv2/UDIAT2/test_images/000104.png,/home/woojye2020/decs_jupyter_lab/MedCLIP-SAMv2/generated_neg_output/udiat_clip_image2prompt_closedform/000104.png,"A medical breast mammogram showing a well-defined, round mass suggestive of a benign breast tumor.",A breast mammogram displaying normal breast structures with no signs of disease or masses.,0.5624595880508423,0.36968374252319336,47.93971252441406,31.508987426757812
/home/woojye2020/decs_jupyter_lab/MedCLIP-SAMv2/UDIAT2/test_images/000105.png,/home/woojye2020/decs_jupyter_lab/MedCLIP-SAMv2/generated_neg_output/udiat_clip_image2prompt_closedform/000105.png,A mammogram displaying a smoothly contoured mass suggestive of a benign breast tumor.,"A medical breast mammogram showing clear breast tissue with no visible abnormalities, indicating a normal scan.",0.3660757541656494,0.41514691710472107,31.20146942138672,35.383914947509766
/home/woojye2020/decs_jupyter_lab/MedCLIP-SAMv2/UDIAT2/test_images/000106.png,/home/woojye2020/decs_jupyter_lab/MedCLIP-SAMv2/generated_neg_output/udiat_clip_image2prompt_closedform/000106.png,"A breast imaging scan showing a well-circumscribed, smooth mass indicative of a benign breast tumor.",A breast mammogram displaying normal breast structures with no signs of disease or masses.,0.35334786772727966,0.3326406180858612,30.116640090942383,28.351722717285156
/home/woojye2020/decs_jupyter_lab/MedCLIP-SAMv2/UDIAT2/test_images/000107.png,/home/woojye2020/decs_jupyter_lab/MedCLIP-SAMv2/generated_neg_output/udiat_clip_image2prompt_closedform/000107.png,"A medical breast mammogram showing a smooth, well-circumscribed mass suggestive of a benign breast tumor.",A medical breast mammogram showing healthy breast parenchyma with no suspicious findings.,0.30244600772857666,0.3161783814430237,25.778160095214844,26.94860076904297
/home/woojye2020/decs_jupyter_lab/MedCLIP-SAMv2/UDIAT2/test_images/000108.png,/home/woojye2020/decs_jupyter_lab/MedCLIP-SAMv2/generated_neg_output/udiat_clip_image2prompt_closedform/000108.png,"A mammogram displaying a round, homogeneous mass indicative of a benign breast tumor.",A medical mammogram displaying well-organized breast tissue with no evidence of abnormalities.,0.4277269244194031,0.3723146617412567,36.456138610839844,31.733226776123047
/home/woojye2020/decs_jupyter_lab/MedCLIP-SAMv2/UDIAT2/test_images/000109.png,/home/woojye2020/decs_jupyter_lab/MedCLIP-SAMv2/generated_neg_output/udiat_clip_image2prompt_closedform/000109.png,"A breast imaging scan showing a well-circumscribed, smooth mass indicative of a benign breast tumor.","A breast imaging scan displaying normal, well-distributed breast tissue with no evidence of masses or tumors.",0.3776355981826782,0.3056119382381439,32.18674850463867,26.048004150390625
/home/woojye2020/decs_jupyter_lab/MedCLIP-SAMv2/UDIAT2/test_images/000110.png,/home/woojye2020/decs_jupyter_lab/MedCLIP-SAMv2/generated_neg_output/udiat_clip_image2prompt_closedform/000110.png,"A breast imaging study showing a homogenous, well-circumscribed mass indicative of a benign tumor.","A mammogram showing no abnormalities in the breast tissue, suggestive of a normal, healthy breast.",0.21468743681907654,0.23856942355632782,18.298301696777344,20.33381462097168
/home/woojye2020/decs_jupyter_lab/MedCLIP-SAMv2/UDIAT2/test_images/000111.png,/home/woojye2020/decs_jupyter_lab/MedCLIP-SAMv2/generated_neg_output/udiat_clip_image2prompt_closedform/000111.png,"A breast scan showing a smooth, encapsulated mass likely representing a benign breast tumor.","A medical breast imaging study revealing clear, unremarkable breast tissue consistent with a healthy scan.",0.3643338978290558,0.2909056842327118,31.053007125854492,24.794553756713867
/home/woojye2020/decs_jupyter_lab/MedCLIP-SAMv2/UDIAT2/test_images/000112.png,/home/woojye2020/decs_jupyter_lab/MedCLIP-SAMv2/generated_neg_output/udiat_clip_image2prompt_closedform/000112.png,"A medical breast mammogram detecting a non-aggressive, well-defined mass characteristic of a benign tumor.","A breast mammogram showing unremarkable findings consistent with normal, healthy breast tissue.",0.33862560987472534,0.1447889804840088,28.861831665039062,12.340693473815918
/home/woojye2020/decs_jupyter_lab/MedCLIP-SAMv2/UDIAT2/test_images/000113.png,/home/woojye2020/decs_jupyter_lab/MedCLIP-SAMv2/generated_neg_output/udiat_clip_image2prompt_closedform/000113.png,"A breast imaging study showing a homogenous, well-circumscribed mass indicative of a benign tumor.","A mammogram showing no abnormalities in the breast tissue, suggestive of a normal, healthy breast.",0.3714108169078827,0.30181583762168884,31.65618896484375,25.724449157714844
/home/woojye2020/decs_jupyter_lab/MedCLIP-SAMv2/UDIAT2/test_images/000114.png,/home/woojye2020/decs_jupyter_lab/MedCLIP-SAMv2/generated_neg_output/udiat_clip_image2prompt_closedform/000114.png,"A breast imaging study showing a homogenous, well-circumscribed mass indicative of a benign tumor.","A mammogram revealing normal breast tissue with no visible masses, calcifications, or distortions.",0.31373685598373413,0.4021478295326233,26.740507125854492,34.27597427368164
/home/woojye2020/decs_jupyter_lab/MedCLIP-SAMv2/UDIAT2/test_images/000115.png,/home/woojye2020/decs_jupyter_lab/MedCLIP-SAMv2/generated_neg_output/udiat_clip_image2prompt_closedform/000115.png,"A medical breast mammogram displaying a lobulated, non-aggressive mass consistent with a benign tumor.",A breast mammogram displaying normal breast structures with no signs of disease or masses.,0.3812314569950104,0.3542928099632263,32.493228912353516,30.197185516357422
/home/woojye2020/decs_jupyter_lab/MedCLIP-SAMv2/UDIAT2/test_images/000116.png,/home/woojye2020/decs_jupyter_lab/MedCLIP-SAMv2/generated_neg_output/udiat_clip_image2prompt_closedform/000116.png,"A breast imaging study revealing a well-defined, encapsulated mass likely representing a benign breast tumor.","A mammogram revealing normal breast tissue with no visible masses, calcifications, or distortions.",0.2975095212459564,0.33369240164756775,25.35741424560547,28.44136619567871
/home/woojye2020/decs_jupyter_lab/MedCLIP-SAMv2/UDIAT2/test_images/000117.png,/home/woojye2020/decs_jupyter_lab/MedCLIP-SAMv2/generated_neg_output/udiat_clip_image2prompt_closedform/000117.png,"A mammogram displaying a non-invasive, well-defined mass suggestive of a benign breast tumor.","A mammogram revealing normal breast tissue with no visible masses, calcifications, or distortions.",0.44768428802490234,0.41198962926864624,38.15715408325195,35.11481857299805
/home/woojye2020/decs_jupyter_lab/MedCLIP-SAMv2/UDIAT2/test_images/000118.png,/home/woojye2020/decs_jupyter_lab/MedCLIP-SAMv2/generated_neg_output/udiat_clip_image2prompt_closedform/000118.png,"A breast mammogram identifying a well-encapsulated, smooth mass consistent with a benign tumor.","A breast imaging study showing clear, homogeneous breast tissue with no signs of pathology.",0.4144747257232666,0.23926648497581482,35.32662582397461,20.393226623535156
/home/woojye2020/decs_jupyter_lab/MedCLIP-SAMv2/UDIAT2/test_images/000119.png,/home/woojye2020/decs_jupyter_lab/MedCLIP-SAMv2/generated_neg_output/udiat_clip_image2prompt_closedform/000119.png,"A medical breast mammogram showing a smooth, well-circumscribed mass suggestive of a benign breast tumor.",A breast mammogram displaying normal breast structures with no signs of disease or masses.,0.4837694466114044,0.40042123198509216,41.23277282714844,34.128814697265625
/home/woojye2020/decs_jupyter_lab/MedCLIP-SAMv2/UDIAT2/test_images/000120.png,/home/woojye2020/decs_jupyter_lab/MedCLIP-SAMv2/generated_neg_output/udiat_clip_image2prompt_closedform/000120.png,"A medical breast mammogram showing a smooth, well-circumscribed mass suggestive of a benign breast tumor.","A mammogram revealing normal breast tissue with no visible masses, calcifications, or distortions.",0.3863591253757477,0.34634900093078613,32.93027114868164,29.520111083984375
/home/woojye2020/decs_jupyter_lab/MedCLIP-SAMv2/UDIAT2/test_images/000121.png,/home/woojye2020/decs_jupyter_lab/MedCLIP-SAMv2/generated_neg_output/udiat_clip_image2prompt_closedform/000121.png,"A medical mammogram detecting a smooth, well-defined mass characteristic of a benign breast tumor.",A breast mammogram displaying normal breast structures with no signs of disease or masses.,0.34339475631713867,0.36354196071624756,29.2683162689209,30.985509872436523
/home/woojye2020/decs_jupyter_lab/MedCLIP-SAMv2/UDIAT2/test_images/000122.png,/home/woojye2020/decs_jupyter_lab/MedCLIP-SAMv2/generated_neg_output/udiat_clip_image2prompt_closedform/000122.png,"A breast imaging scan showing a well-circumscribed, smooth mass indicative of a benign breast tumor.","A mammogram showing no abnormalities in the breast tissue, suggestive of a normal, healthy breast.",0.4892692565917969,0.3414062261581421,41.7015380859375,29.098827362060547
/home/woojye2020/decs_jupyter_lab/MedCLIP-SAMv2/UDIAT2/test_images/000123.png,/home/woojye2020/decs_jupyter_lab/MedCLIP-SAMv2/generated_neg_output/udiat_clip_image2prompt_closedform/000123.png,"A medical breast mammogram displaying a lobulated, non-aggressive mass consistent with a benign tumor.",A medical mammogram displaying well-organized breast tissue with no evidence of abnormalities.,0.2731664478778839,0.2536110579967499,23.2825984954834,21.615848541259766
/home/woojye2020/decs_jupyter_lab/MedCLIP-SAMv2/UDIAT2/test_images/000124.png,/home/woojye2020/decs_jupyter_lab/MedCLIP-SAMv2/generated_neg_output/udiat_clip_image2prompt_closedform/000124.png,"A medical mammogram revealing a well-defined, non-irregular mass suggestive of a benign breast tumor.","A medical breast imaging study revealing clear, unremarkable breast tissue consistent with a healthy scan.",0.4752189815044403,0.3728761672973633,40.50399398803711,31.781084060668945
/home/woojye2020/decs_jupyter_lab/MedCLIP-SAMv2/UDIAT2/test_images/000125.png,/home/woojye2020/decs_jupyter_lab/MedCLIP-SAMv2/generated_neg_output/udiat_clip_image2prompt_closedform/000125.png,"A breast mammogram identifying a well-encapsulated, smooth mass consistent with a benign tumor.","A medical breast imaging study revealing clear, unremarkable breast tissue consistent with a healthy scan.",0.47195568680763245,0.37915271520614624,40.22585678100586,32.31604766845703
/home/woojye2020/decs_jupyter_lab/MedCLIP-SAMv2/UDIAT2/test_images/000126.png,/home/woojye2020/decs_jupyter_lab/MedCLIP-SAMv2/generated_neg_output/udiat_clip_image2prompt_closedform/000126.png,"A mammogram revealing a low-density, well-delineated mass likely representing a benign breast tumor.","A breast imaging study showing clear, homogeneous breast tissue with no signs of pathology.",0.4261959195137024,0.2436904013156891,36.32564926147461,20.770288467407227
/home/woojye2020/decs_jupyter_lab/MedCLIP-SAMv2/UDIAT2/test_images/000127.png,/home/woojye2020/decs_jupyter_lab/MedCLIP-SAMv2/generated_neg_output/udiat_clip_image2prompt_closedform/000127.png,"A breast imaging scan showing a well-circumscribed, smooth mass indicative of a benign breast tumor.",A breast mammogram displaying normal breast structures with no signs of disease or masses.,0.34970414638519287,0.16256628930568695,29.806076049804688,13.855895042419434
/home/woojye2020/decs_jupyter_lab/MedCLIP-SAMv2/UDIAT2/test_images/000128.png,/home/woojye2020/decs_jupyter_lab/MedCLIP-SAMv2/generated_neg_output/udiat_clip_image2prompt_closedform/000128.png,"A medical mammogram revealing a well-defined, non-irregular mass suggestive of a benign breast tumor.",A medical mammogram displaying well-organized breast tissue with no evidence of abnormalities.,0.43555670976638794,0.42749476432800293,37.12348937988281,36.43635559082031
/home/woojye2020/decs_jupyter_lab/MedCLIP-SAMv2/UDIAT2/test_images/000129.png,/home/woojye2020/decs_jupyter_lab/MedCLIP-SAMv2/generated_neg_output/udiat_clip_image2prompt_closedform/000129.png,"A breast imaging study revealing a well-defined, encapsulated mass likely representing a benign breast tumor.","A medical breast mammogram showing clear breast tissue with no visible abnormalities, indicating a normal scan.",0.5261563658714294,0.4479120373725891,44.84550476074219,38.176570892333984
/home/woojye2020/decs_jupyter_lab/MedCLIP-SAMv2/UDIAT2/test_images/000130.png,/home/woojye2020/decs_jupyter_lab/MedCLIP-SAMv2/generated_neg_output/udiat_clip_image2prompt_closedform/000130.png,A mammogram displaying a smoothly contoured mass suggestive of a benign breast tumor.,A medical mammogram displaying well-organized breast tissue with no evidence of abnormalities.,0.3136710822582245,0.3707076907157898,26.73489761352539,31.59626007080078
/home/woojye2020/decs_jupyter_lab/MedCLIP-SAMv2/UDIAT2/test_images/000131.png,/home/woojye2020/decs_jupyter_lab/MedCLIP-SAMv2/generated_neg_output/udiat_clip_image2prompt_closedform/000131.png,"A medical breast mammogram showing a well-defined, round mass suggestive of a benign breast tumor.",A breast mammogram displaying normal breast structures with no signs of disease or masses.,0.4028967022895813,0.3417934775352478,34.33980178833008,29.1318359375
/home/woojye2020/decs_jupyter_lab/MedCLIP-SAMv2/UDIAT2/test_images/000132.png,/home/woojye2020/decs_jupyter_lab/MedCLIP-SAMv2/generated_neg_output/udiat_clip_image2prompt_closedform/000132.png,"A breast imaging scan showing a spiculated, invasive mass indicative of a malignant breast tumor.","A medical breast imaging study revealing clear, unremarkable breast tissue consistent with a healthy scan.",0.5003488063812256,0.3921191096305847,42.64586639404297,33.421207427978516
/home/woojye2020/decs_jupyter_lab/MedCLIP-SAMv2/UDIAT2/test_images/000133.png,/home/woojye2020/decs_jupyter_lab/MedCLIP-SAMv2/generated_neg_output/udiat_clip_image2prompt_closedform/000133.png,"A breast mammogram identifying an irregular, dense mass consistent with a malignant tumor.","A breast imaging study showing clear, homogeneous breast tissue with no signs of pathology.",0.3949325680732727,0.3799166679382324,33.66100311279297,32.38116455078125
/home/woojye2020/decs_jupyter_lab/MedCLIP-SAMv2/UDIAT2/test_images/000134.png,/home/woojye2020/decs_jupyter_lab/MedCLIP-SAMv2/generated_neg_output/udiat_clip_image2prompt_closedform/000134.png,"A breast imaging study showing a poorly marginated, irregular mass indicative of a malignant tumor.","A mammogram showing no abnormalities in the breast tissue, suggestive of a normal, healthy breast.",0.4038185179233551,0.3655731976032257,34.418373107910156,31.158641815185547
/home/woojye2020/decs_jupyter_lab/MedCLIP-SAMv2/UDIAT2/test_images/000135.png,/home/woojye2020/decs_jupyter_lab/MedCLIP-SAMv2/generated_neg_output/udiat_clip_image2prompt_closedform/000135.png,"A breast scan showing a spiculated, invasive mass likely indicating a malignant breast tumor.","A medical breast mammogram showing clear breast tissue with no visible abnormalities, indicating a normal scan.",0.44540417194366455,0.4238643944263458,37.96281433105469,36.12692642211914
/home/woojye2020/decs_jupyter_lab/MedCLIP-SAMv2/UDIAT2/test_images/000136.png,/home/woojye2020/decs_jupyter_lab/MedCLIP-SAMv2/generated_neg_output/udiat_clip_image2prompt_closedform/000136.png,"A breast scan identifying a poorly circumscribed, irregular mass suggestive of a malignant breast tumor.","A mammogram revealing normal breast tissue with no visible masses, calcifications, or distortions.",0.4842374920845032,0.41603729128837585,41.27267074584961,35.459808349609375
/home/woojye2020/decs_jupyter_lab/MedCLIP-SAMv2/UDIAT2/test_images/000137.png,/home/woojye2020/decs_jupyter_lab/MedCLIP-SAMv2/generated_neg_output/udiat_clip_image2prompt_closedform/000137.png,"A medical breast mammogram showing an irregularly shaped, spiculated mass suggestive of a malignant breast tumor.","A mammogram revealing normal breast tissue with no visible masses, calcifications, or distortions.",0.26226311922073364,0.41334885358810425,22.353282928466797,35.23066329956055
/home/woojye2020/decs_jupyter_lab/MedCLIP-SAMv2/UDIAT2/test_images/000138.png,/home/woojye2020/decs_jupyter_lab/MedCLIP-SAMv2/generated_neg_output/udiat_clip_image2prompt_closedform/000138.png,"A mammogram revealing an ill-defined, irregular mass likely representing a malignant breast tumor.","A breast imaging study showing clear, homogeneous breast tissue with no signs of pathology.",0.31419050693511963,0.4069574773311615,26.7791690826416,34.685909271240234
/home/woojye2020/decs_jupyter_lab/MedCLIP-SAMv2/UDIAT2/test_images/000139.png,/home/woojye2020/decs_jupyter_lab/MedCLIP-SAMv2/generated_neg_output/udiat_clip_image2prompt_closedform/000139.png,"A breast imaging study showing an irregular, spiculated mass suggestive of a malignant breast tumor.","A mammogram revealing normal breast tissue with no visible masses, calcifications, or distortions.",0.44604673981666565,0.3580208122730255,38.017578125,30.514930725097656
/home/woojye2020/decs_jupyter_lab/MedCLIP-SAMv2/UDIAT2/test_images/000140.png,/home/woojye2020/decs_jupyter_lab/MedCLIP-SAMv2/generated_neg_output/udiat_clip_image2prompt_closedform/000140.png,"A breast scan showing an ill-defined, invasive mass likely representing a malignant breast tumor.","A breast imaging study showing clear, homogeneous breast tissue with no signs of pathology.",0.3812639117240906,0.4420555830001831,32.49599075317383,37.677406311035156
/home/woojye2020/decs_jupyter_lab/MedCLIP-SAMv2/UDIAT2/test_images/000141.png,/home/woojye2020/decs_jupyter_lab/MedCLIP-SAMv2/generated_neg_output/udiat_clip_image2prompt_closedform/000141.png,"A mammogram showing a dense, spiculated mass suggestive of a malignant breast tumor.","A mammogram showing no abnormalities in the breast tissue, suggestive of a normal, healthy breast.",0.46559765934944153,0.37056130170822144,39.6839485168457,31.583786010742188
/home/woojye2020/decs_jupyter_lab/MedCLIP-SAMv2/UDIAT2/test_images/000142.png,/home/woojye2020/decs_jupyter_lab/MedCLIP-SAMv2/generated_neg_output/udiat_clip_image2prompt_closedform/000142.png,"A breast imaging study showing an irregular, spiculated mass suggestive of a malignant breast tumor.","A mammogram showing no abnormalities in the breast tissue, suggestive of a normal, healthy breast.",0.2288329303264618,0.4194881319999695,19.503952026367188,35.75393295288086
/home/woojye2020/decs_jupyter_lab/MedCLIP-SAMv2/UDIAT2/test_images/000143.png,/home/woojye2020/decs_jupyter_lab/MedCLIP-SAMv2/generated_neg_output/udiat_clip_image2prompt_closedform/000143.png,"A medical breast mammogram showing an irregular, spiculated mass suggestive of a malignant breast tumor.","A breast mammogram showing unremarkable findings consistent with normal, healthy breast tissue.",0.33008912205696106,0.3359614610671997,28.134244918823242,28.6347599029541
/home/woojye2020/decs_jupyter_lab/MedCLIP-SAMv2/UDIAT2/test_images/000144.png,/home/woojye2020/decs_jupyter_lab/MedCLIP-SAMv2/generated_neg_output/udiat_clip_image2prompt_closedform/000144.png,"A breast scan showing an ill-defined, invasive mass likely representing a malignant breast tumor.","A medical breast mammogram showing clear breast tissue with no visible abnormalities, indicating a normal scan.",0.40116432309150696,0.35990360379219055,34.1921501159668,30.675403594970703
/home/woojye2020/decs_jupyter_lab/MedCLIP-SAMv2/UDIAT2/test_images/000145.png,/home/woojye2020/decs_jupyter_lab/MedCLIP-SAMv2/generated_neg_output/udiat_clip_image2prompt_closedform/000145.png,"A medical mammogram detecting a poorly defined, lobulated mass characteristic of a malignant breast tumor.","A medical breast mammogram showing clear breast tissue with no visible abnormalities, indicating a normal scan.",0.1392136514186859,0.41440173983573914,11.865497589111328,35.32040786743164
/home/woojye2020/decs_jupyter_lab/MedCLIP-SAMv2/UDIAT2/test_images/000146.png,/home/woojye2020/decs_jupyter_lab/MedCLIP-SAMv2/generated_neg_output/udiat_clip_image2prompt_closedform/000146.png,"A medical breast mammogram showing an irregular, spiculated mass suggestive of a malignant breast tumor.","A breast mammogram showing unremarkable findings consistent with normal, healthy breast tissue.",0.19648133218288422,0.2624160647392273,16.746551513671875,22.366317749023438
/home/woojye2020/decs_jupyter_lab/MedCLIP-SAMv2/UDIAT2/test_images/000147.png,/home/woojye2020/decs_jupyter_lab/MedCLIP-SAMv2/generated_neg_output/udiat_clip_image2prompt_closedform/000147.png,"A breast imaging study showing a poorly marginated, irregular mass indicative of a malignant tumor.",A medical mammogram displaying well-organized breast tissue with no evidence of abnormalities.,0.500791609287262,0.43716251850128174,42.68360900878906,37.26035690307617
/home/woojye2020/decs_jupyter_lab/MedCLIP-SAMv2/UDIAT2/test_images/000295.png,/home/woojye2020/decs_jupyter_lab/MedCLIP-SAMv2/generated_neg_output/udiat_clip_image2prompt_closedform/000295.png,"A mammogram displaying an irregularly shaped, spiculated mass suggestive of a malignant breast tumor.","A medical breast imaging study revealing clear, unremarkable breast tissue consistent with a healthy scan.",0.6026427745819092,0.39214205741882324,51.364620208740234,33.42316436767578
/home/woojye2020/decs_jupyter_lab/MedCLIP-SAMv2/UDIAT2/test_images/000296.png,/home/woojye2020/decs_jupyter_lab/MedCLIP-SAMv2/generated_neg_output/udiat_clip_image2prompt_closedform/000296.png,"A medical breast mammogram showing an irregular, spiculated mass suggestive of a malignant breast tumor.",A medical mammogram displaying well-organized breast tissue with no evidence of abnormalities.,0.3036123812198639,0.3690704107284546,25.87757110595703,31.456714630126953
/home/woojye2020/decs_jupyter_lab/MedCLIP-SAMv2/UDIAT2/test_images/000297.png,/home/woojye2020/decs_jupyter_lab/MedCLIP-SAMv2/generated_neg_output/udiat_clip_image2prompt_closedform/000297.png,"A mammogram displaying a poorly defined, lobulated mass indicative of a malignant breast tumor.","A medical breast imaging study revealing clear, unremarkable breast tissue consistent with a healthy scan.",0.5319468975067139,0.3552178740501404,45.339046478271484,30.27602767944336
/home/woojye2020/decs_jupyter_lab/MedCLIP-SAMv2/UDIAT2/test_images/000298.png,/home/woojye2020/decs_jupyter_lab/MedCLIP-SAMv2/generated_neg_output/udiat_clip_image2prompt_closedform/000298.png,"A mammogram displaying a poorly defined, lobulated mass indicative of a malignant breast tumor.","A breast mammogram showing unremarkable findings consistent with normal, healthy breast tissue.",0.3983214199542999,0.3356388211250305,33.9498405456543,28.607263565063477
/home/woojye2020/decs_jupyter_lab/MedCLIP-SAMv2/UDIAT2/test_images/000299.png,/home/woojye2020/decs_jupyter_lab/MedCLIP-SAMv2/generated_neg_output/udiat_clip_image2prompt_closedform/000299.png,"A mammogram displaying a poorly defined, lobulated mass indicative of a malignant breast tumor.","A mammogram showing no abnormalities in the breast tissue, suggestive of a normal, healthy breast.",0.2359086573123932,0.22501662373542786,20.107032775878906,19.178678512573242
/home/woojye2020/decs_jupyter_lab/MedCLIP-SAMv2/UDIAT2/test_images/000300.png,/home/woojye2020/decs_jupyter_lab/MedCLIP-SAMv2/generated_neg_output/udiat_clip_image2prompt_closedform/000300.png,"A breast scan showing a spiculated, invasive mass likely indicating a malignant breast tumor.",A breast mammogram displaying normal breast structures with no signs of disease or masses.,0.4469999074935913,0.34319671988487244,38.09881591796875,29.251436233520508
/home/woojye2020/decs_jupyter_lab/MedCLIP-SAMv2/UDIAT2/test_images/000301.png,/home/woojye2020/decs_jupyter_lab/MedCLIP-SAMv2/generated_neg_output/udiat_clip_image2prompt_closedform/000301.png,"A medical breast mammogram detecting a spiculated, irregular mass characteristic of a malignant tumor.","A mammogram showing no abnormalities in the breast tissue, suggestive of a normal, healthy breast.",0.3466302454471588,0.28178122639656067,29.544084548950195,24.016857147216797
/home/woojye2020/decs_jupyter_lab/MedCLIP-SAMv2/UDIAT2/test_images/000302.png,/home/woojye2020/decs_jupyter_lab/MedCLIP-SAMv2/generated_neg_output/udiat_clip_image2prompt_closedform/000302.png,"A medical breast mammogram detecting a spiculated, irregular mass characteristic of a malignant tumor.","A breast mammogram showing unremarkable findings consistent with normal, healthy breast tissue.",0.5445431470870972,0.4449242949485779,46.41265106201172,37.921913146972656
/home/woojye2020/decs_jupyter_lab/MedCLIP-SAMv2/UDIAT2/test_images/000303.png,/home/woojye2020/decs_jupyter_lab/MedCLIP-SAMv2/generated_neg_output/udiat_clip_image2prompt_closedform/000303.png,"A medical breast mammogram showing an irregular, spiculated mass suggestive of a malignant breast tumor.","A breast mammogram showing unremarkable findings consistent with normal, healthy breast tissue.",0.2861342430114746,0.344634473323822,24.38787269592285,29.373981475830078
/home/woojye2020/decs_jupyter_lab/MedCLIP-SAMv2/UDIAT2/test_images/000304.png,/home/woojye2020/decs_jupyter_lab/MedCLIP-SAMv2/generated_neg_output/udiat_clip_image2prompt_closedform/000304.png,"A mammogram displaying a poorly defined, lobulated mass indicative of a malignant breast tumor.","A mammogram revealing normal breast tissue with no visible masses, calcifications, or distortions.",0.33747100830078125,0.25314435362815857,28.7634220123291,21.576068878173828
/home/woojye2020/decs_jupyter_lab/MedCLIP-SAMv2/UDIAT2/test_images/000305.png,/home/woojye2020/decs_jupyter_lab/MedCLIP-SAMv2/generated_neg_output/udiat_clip_image2prompt_closedform/000305.png,"A medical breast mammogram detecting a spiculated, irregular mass characteristic of a malignant tumor.","A breast mammogram showing unremarkable findings consistent with normal, healthy breast tissue.",0.43656766414642334,0.30032801628112793,37.209651947021484,25.59764289855957
/home/woojye2020/decs_jupyter_lab/MedCLIP-SAMv2/UDIAT2/test_images/000306.png,/home/woojye2020/decs_jupyter_lab/MedCLIP-SAMv2/generated_neg_output/udiat_clip_image2prompt_closedform/000306.png,"A mammogram displaying an irregularly shaped, spiculated mass suggestive of a malignant breast tumor.",A medical breast mammogram showing healthy breast parenchyma with no suspicious findings.,0.5389925837516785,0.415432333946228,45.9395637512207,35.40824508666992
/home/woojye2020/decs_jupyter_lab/MedCLIP-SAMv2/UDIAT2/test_images/000307.png,/home/woojye2020/decs_jupyter_lab/MedCLIP-SAMv2/generated_neg_output/udiat_clip_image2prompt_closedform/000307.png,"A mammogram revealing an ill-defined, irregular mass likely representing a malignant breast tumor.","A mammogram showing no abnormalities in the breast tissue, suggestive of a normal, healthy breast.",0.3700709342956543,0.24069681763648987,31.5419864654541,20.515138626098633
/home/woojye2020/decs_jupyter_lab/MedCLIP-SAMv2/UDIAT2/test_images/000308.png,/home/woojye2020/decs_jupyter_lab/MedCLIP-SAMv2/generated_neg_output/udiat_clip_image2prompt_closedform/000308.png,"A medical mammogram detecting a poorly defined, lobulated mass characteristic of a malignant breast tumor.","A mammogram showing no abnormalities in the breast tissue, suggestive of a normal, healthy breast.",0.3355170786380768,0.3128100037574768,28.596881866455078,26.661508560180664
/home/woojye2020/decs_jupyter_lab/MedCLIP-SAMv2/UDIAT2/test_images/000309.png,/home/woojye2020/decs_jupyter_lab/MedCLIP-SAMv2/generated_neg_output/udiat_clip_image2prompt_closedform/000309.png,"A mammogram revealing an ill-defined, irregular mass likely representing a malignant breast tumor.","A mammogram revealing normal breast tissue with no visible masses, calcifications, or distortions.",0.4342477023601532,0.22024762630462646,37.01192092895508,18.772207260131836
/home/woojye2020/decs_jupyter_lab/MedCLIP-SAMv2/UDIAT2/test_images/000310.png,/home/woojye2020/decs_jupyter_lab/MedCLIP-SAMv2/generated_neg_output/udiat_clip_image2prompt_closedform/000310.png,"A mammogram showing a dense, spiculated mass suggestive of a malignant breast tumor.","A breast imaging scan displaying normal, well-distributed breast tissue with no evidence of masses or tumors.",0.4708532691001892,0.4189419150352478,40.13188934326172,35.707374572753906
