filename,filename_neg,Caption,Caption_neg,sim_pos,sim_neg
/home/woojye2020/decs_jupyter_lab/MedCLIP-SAMv2/UDIAT2/test_images/000001.png,/home/woojye2020/decs_jupyter_lab/MedCLIP-SAMv2/generated_neg_output/udiat_clip_image2prompt_closedform/000001.png,A mammogram displaying a smoothly contoured mass suggestive of a benign breast tumor.,A breast mammogram displaying normal breast structures with no signs of disease or masses.,0.34205201268196106,0.3547418713569641
/home/woojye2020/decs_jupyter_lab/MedCLIP-SAMv2/UDIAT2/test_images/000002.png,/home/woojye2020/decs_jupyter_lab/MedCLIP-SAMv2/generated_neg_output/udiat_clip_image2prompt_closedform/000002.png,"A medical breast mammogram showing a well-defined, round mass suggestive of a benign breast tumor.","A breast imaging scan displaying normal, well-distributed breast tissue with no evidence of masses or tumors.",0.5795717835426331,0.40143391489982605
/home/woojye2020/decs_jupyter_lab/MedCLIP-SAMv2/UDIAT2/test_images/000003.png,/home/woojye2020/decs_jupyter_lab/MedCLIP-SAMv2/generated_neg_output/udiat_clip_image2prompt_closedform/000003.png,"A breast imaging scan showing a well-circumscribed, smooth mass indicative of a benign breast tumor.","A mammogram showing no abnormalities in the breast tissue, suggestive of a normal, healthy breast.",0.4103180170059204,0.15591838955879211
/home/woojye2020/decs_jupyter_lab/MedCLIP-SAMv2/UDIAT2/test_images/000004.png,/home/woojye2020/decs_jupyter_lab/MedCLIP-SAMv2/generated_neg_output/udiat_clip_image2prompt_closedform/000004.png,"A mammogram showing a sharply marginated, round mass suggestive of a benign breast tumor.",A breast mammogram displaying normal breast structures with no signs of disease or masses.,0.15406601130962372,0.3491589426994324
/home/woojye2020/decs_jupyter_lab/MedCLIP-SAMv2/UDIAT2/test_images/000005.png,/home/woojye2020/decs_jupyter_lab/MedCLIP-SAMv2/generated_neg_output/udiat_clip_image2prompt_closedform/000005.png,"A breast scan showing a smooth, encapsulated mass likely representing a benign breast tumor.",A breast mammogram displaying normal breast structures with no signs of disease or masses.,0.4468788504600525,0.4027630388736725
/home/woojye2020/decs_jupyter_lab/MedCLIP-SAMv2/UDIAT2/test_images/000006.png,/home/woojye2020/decs_jupyter_lab/MedCLIP-SAMv2/generated_neg_output/udiat_clip_image2prompt_closedform/000006.png,"A medical breast mammogram detecting a non-aggressive, well-defined mass characteristic of a benign tumor.","A mammogram revealing normal breast tissue with no visible masses, calcifications, or distortions.",0.3653659224510193,0.10585092008113861
/home/woojye2020/decs_jupyter_lab/MedCLIP-SAMv2/UDIAT2/test_images/000007.png,/home/woojye2020/decs_jupyter_lab/MedCLIP-SAMv2/generated_neg_output/udiat_clip_image2prompt_closedform/000007.png,"A medical breast mammogram showing a smooth, well-circumscribed mass suggestive of a benign breast tumor.","A medical breast mammogram showing clear breast tissue with no visible abnormalities, indicating a normal scan.",0.2903316020965576,0.3157053589820862
/home/woojye2020/decs_jupyter_lab/MedCLIP-SAMv2/UDIAT2/test_images/000008.png,/home/woojye2020/decs_jupyter_lab/MedCLIP-SAMv2/generated_neg_output/udiat_clip_image2prompt_closedform/000008.png,"A mammogram displaying a round, homogeneous mass indicative of a benign breast tumor.","A mammogram showing no abnormalities in the breast tissue, suggestive of a normal, healthy breast.",0.5134996771812439,0.42185133695602417
/home/woojye2020/decs_jupyter_lab/MedCLIP-SAMv2/UDIAT2/test_images/000009.png,/home/woojye2020/decs_jupyter_lab/MedCLIP-SAMv2/generated_neg_output/udiat_clip_image2prompt_closedform/000009.png,"A breast imaging scan showing a well-circumscribed, smooth mass indicative of a benign breast tumor.",A medical mammogram displaying well-organized breast tissue with no evidence of abnormalities.,0.26576653122901917,0.32433298230171204
/home/woojye2020/decs_jupyter_lab/MedCLIP-SAMv2/UDIAT2/test_images/000010.png,/home/woojye2020/decs_jupyter_lab/MedCLIP-SAMv2/generated_neg_output/udiat_clip_image2prompt_closedform/000010.png,"A breast imaging study revealing a well-marginated, round mass indicative of a benign breast tumor.","A medical breast mammogram showing clear breast tissue with no visible abnormalities, indicating a normal scan.",0.31390509009361267,0.33884885907173157
/home/woojye2020/decs_jupyter_lab/MedCLIP-SAMv2/UDIAT2/test_images/000011.png,/home/woojye2020/decs_jupyter_lab/MedCLIP-SAMv2/generated_neg_output/udiat_clip_image2prompt_closedform/000011.png,"A breast scan showing a smooth, encapsulated mass likely representing a benign breast tumor.","A mammogram showing no abnormalities in the breast tissue, suggestive of a normal, healthy breast.",0.4060705900192261,0.3475627303123474
/home/woojye2020/decs_jupyter_lab/MedCLIP-SAMv2/UDIAT2/test_images/000012.png,/home/woojye2020/decs_jupyter_lab/MedCLIP-SAMv2/generated_neg_output/udiat_clip_image2prompt_closedform/000012.png,A mammogram displaying a smoothly contoured mass suggestive of a benign breast tumor.,A medical mammogram displaying well-organized breast tissue with no evidence of abnormalities.,0.37937867641448975,0.4064866304397583
/home/woojye2020/decs_jupyter_lab/MedCLIP-SAMv2/UDIAT2/test_images/000013.png,/home/woojye2020/decs_jupyter_lab/MedCLIP-SAMv2/generated_neg_output/udiat_clip_image2prompt_closedform/000013.png,"A breast mammogram identifying a well-encapsulated, smooth mass consistent with a benign tumor.","A mammogram showing no abnormalities in the breast tissue, suggestive of a normal, healthy breast.",0.39052850008010864,0.38841745257377625
/home/woojye2020/decs_jupyter_lab/MedCLIP-SAMv2/UDIAT2/test_images/000014.png,/home/woojye2020/decs_jupyter_lab/MedCLIP-SAMv2/generated_neg_output/udiat_clip_image2prompt_closedform/000014.png,"A medical mammogram revealing a well-defined, non-irregular mass suggestive of a benign breast tumor.","A breast mammogram showing unremarkable findings consistent with normal, healthy breast tissue.",0.2786004841327667,0.37988632917404175
/home/woojye2020/decs_jupyter_lab/MedCLIP-SAMv2/UDIAT2/test_images/000015.png,/home/woojye2020/decs_jupyter_lab/MedCLIP-SAMv2/generated_neg_output/udiat_clip_image2prompt_closedform/000015.png,"A mammogram revealing a low-density, well-delineated mass likely representing a benign breast tumor.","A medical breast mammogram showing clear breast tissue with no visible abnormalities, indicating a normal scan.",0.44178807735443115,0.25994348526000977
/home/woojye2020/decs_jupyter_lab/MedCLIP-SAMv2/UDIAT2/test_images/000016.png,/home/woojye2020/decs_jupyter_lab/MedCLIP-SAMv2/generated_neg_output/udiat_clip_image2prompt_closedform/000016.png,"A breast scan identifying a well-defined, oval mass suggestive of a benign breast tumor.","A mammogram revealing normal breast tissue with no visible masses, calcifications, or distortions.",0.3744603097438812,0.33966970443725586
/home/woojye2020/decs_jupyter_lab/MedCLIP-SAMv2/UDIAT2/test_images/000017.png,/home/woojye2020/decs_jupyter_lab/MedCLIP-SAMv2/generated_neg_output/udiat_clip_image2prompt_closedform/000017.png,"A medical mammogram detecting a smooth, well-defined mass characteristic of a benign breast tumor.","A breast imaging scan displaying normal, well-distributed breast tissue with no evidence of masses or tumors.",0.2362462878227234,0.3263742923736572
/home/woojye2020/decs_jupyter_lab/MedCLIP-SAMv2/UDIAT2/test_images/000018.png,/home/woojye2020/decs_jupyter_lab/MedCLIP-SAMv2/generated_neg_output/udiat_clip_image2prompt_closedform/000018.png,"A mammogram showing a dense, spiculated mass suggestive of a malignant breast tumor.","A mammogram showing no abnormalities in the breast tissue, suggestive of a normal, healthy breast.",0.5928040742874146,0.421358197927475
/home/woojye2020/decs_jupyter_lab/MedCLIP-SAMv2/UDIAT2/test_images/000019.png,/home/woojye2020/decs_jupyter_lab/MedCLIP-SAMv2/generated_neg_output/udiat_clip_image2prompt_closedform/000019.png,"A medical mammogram detecting a smooth, well-defined mass characteristic of a benign breast tumor.",A breast mammogram displaying normal breast structures with no signs of disease or masses.,0.23281343281269073,0.39577800035476685
/home/woojye2020/decs_jupyter_lab/MedCLIP-SAMv2/UDIAT2/test_images/000020.png,/home/woojye2020/decs_jupyter_lab/MedCLIP-SAMv2/generated_neg_output/udiat_clip_image2prompt_closedform/000020.png,"A mammogram displaying a round, homogeneous mass indicative of a benign breast tumor.","A mammogram revealing normal breast tissue with no visible masses, calcifications, or distortions.",0.4293128550052643,0.36534228920936584
/home/woojye2020/decs_jupyter_lab/MedCLIP-SAMv2/UDIAT2/test_images/000021.png,/home/woojye2020/decs_jupyter_lab/MedCLIP-SAMv2/generated_neg_output/udiat_clip_image2prompt_closedform/000021.png,"A breast imaging study revealing a well-defined, encapsulated mass likely representing a benign breast tumor.",A medical breast mammogram showing healthy breast parenchyma with no suspicious findings.,0.49630850553512573,0.45807191729545593
/home/woojye2020/decs_jupyter_lab/MedCLIP-SAMv2/UDIAT2/test_images/000022.png,/home/woojye2020/decs_jupyter_lab/MedCLIP-SAMv2/generated_neg_output/udiat_clip_image2prompt_closedform/000022.png,"A mammogram displaying a non-invasive, well-defined mass suggestive of a benign breast tumor.","A breast mammogram showing unremarkable findings consistent with normal, healthy breast tissue.",0.4994552731513977,0.4637582302093506
/home/woojye2020/decs_jupyter_lab/MedCLIP-SAMv2/UDIAT2/test_images/000023.png,/home/woojye2020/decs_jupyter_lab/MedCLIP-SAMv2/generated_neg_output/udiat_clip_image2prompt_closedform/000023.png,"A mammogram revealing an ill-defined, irregular mass likely representing a malignant breast tumor.","A medical breast mammogram showing clear breast tissue with no visible abnormalities, indicating a normal scan.",0.42672574520111084,0.3688514232635498
/home/woojye2020/decs_jupyter_lab/MedCLIP-SAMv2/UDIAT2/test_images/000024.png,/home/woojye2020/decs_jupyter_lab/MedCLIP-SAMv2/generated_neg_output/udiat_clip_image2prompt_closedform/000024.png,"A medical mammogram revealing a spiculated, invasive mass suggestive of a malignant breast tumor.",A medical mammogram displaying well-organized breast tissue with no evidence of abnormalities.,0.39948514103889465,0.34880074858665466
/home/woojye2020/decs_jupyter_lab/MedCLIP-SAMv2/UDIAT2/test_images/000025.png,/home/woojye2020/decs_jupyter_lab/MedCLIP-SAMv2/generated_neg_output/udiat_clip_image2prompt_closedform/000025.png,"A breast imaging study revealing an irregularly shaped, invasive mass likely representing a malignant breast tumor.","A mammogram revealing normal breast tissue with no visible masses, calcifications, or distortions.",0.4043422043323517,0.4284123182296753
/home/woojye2020/decs_jupyter_lab/MedCLIP-SAMv2/UDIAT2/test_images/000026.png,/home/woojye2020/decs_jupyter_lab/MedCLIP-SAMv2/generated_neg_output/udiat_clip_image2prompt_closedform/000026.png,"A mammogram displaying a round, homogeneous mass indicative of a benign breast tumor.",A medical mammogram displaying well-organized breast tissue with no evidence of abnormalities.,0.4271690547466278,0.375194251537323
/home/woojye2020/decs_jupyter_lab/MedCLIP-SAMv2/UDIAT2/test_images/000027.png,/home/woojye2020/decs_jupyter_lab/MedCLIP-SAMv2/generated_neg_output/udiat_clip_image2prompt_closedform/000027.png,"A breast imaging study showing an irregular, spiculated mass suggestive of a malignant breast tumor.","A breast mammogram showing unremarkable findings consistent with normal, healthy breast tissue.",0.3688811659812927,0.23940353095531464
/home/woojye2020/decs_jupyter_lab/MedCLIP-SAMv2/UDIAT2/test_images/000028.png,/home/woojye2020/decs_jupyter_lab/MedCLIP-SAMv2/generated_neg_output/udiat_clip_image2prompt_closedform/000028.png,"A mammogram displaying an irregular, non-homogeneous mass suggestive of a malignant breast tumor.","A breast mammogram showing unremarkable findings consistent with normal, healthy breast tissue.",0.5225004553794861,0.41214415431022644
/home/woojye2020/decs_jupyter_lab/MedCLIP-SAMv2/UDIAT2/test_images/000029.png,/home/woojye2020/decs_jupyter_lab/MedCLIP-SAMv2/generated_neg_output/udiat_clip_image2prompt_closedform/000029.png,"A medical breast mammogram displaying a heterogeneous, irregular mass consistent with a malignant tumor.",A breast mammogram displaying normal breast structures with no signs of disease or masses.,0.3777080178260803,0.40779900550842285
/home/woojye2020/decs_jupyter_lab/MedCLIP-SAMv2/UDIAT2/test_images/000030.png,/home/woojye2020/decs_jupyter_lab/MedCLIP-SAMv2/generated_neg_output/udiat_clip_image2prompt_closedform/000030.png,"A medical breast mammogram showing an irregular, spiculated mass suggestive of a malignant breast tumor.","A mammogram showing no abnormalities in the breast tissue, suggestive of a normal, healthy breast.",0.42553430795669556,0.3746652603149414
/home/woojye2020/decs_jupyter_lab/MedCLIP-SAMv2/UDIAT2/test_images/000031.png,/home/woojye2020/decs_jupyter_lab/MedCLIP-SAMv2/generated_neg_output/udiat_clip_image2prompt_closedform/000031.png,"A breast imaging study showing an irregular, spiculated mass suggestive of a malignant breast tumor.",A breast mammogram displaying normal breast structures with no signs of disease or masses.,0.2604548931121826,0.3849182724952698
/home/woojye2020/decs_jupyter_lab/MedCLIP-SAMv2/UDIAT2/test_images/000032.png,/home/woojye2020/decs_jupyter_lab/MedCLIP-SAMv2/generated_neg_output/udiat_clip_image2prompt_closedform/000032.png,"A breast imaging scan showing a well-circumscribed, smooth mass indicative of a benign breast tumor.",A breast mammogram displaying normal breast structures with no signs of disease or masses.,0.445843368768692,0.37059497833251953
/home/woojye2020/decs_jupyter_lab/MedCLIP-SAMv2/UDIAT2/test_images/000033.png,/home/woojye2020/decs_jupyter_lab/MedCLIP-SAMv2/generated_neg_output/udiat_clip_image2prompt_closedform/000033.png,"A breast scan showing a well-contained, round mass likely indicating a benign breast tumor.","A breast imaging scan displaying normal, well-distributed breast tissue with no evidence of masses or tumors.",0.21494221687316895,0.3002423942089081
/home/woojye2020/decs_jupyter_lab/MedCLIP-SAMv2/UDIAT2/test_images/000034.png,/home/woojye2020/decs_jupyter_lab/MedCLIP-SAMv2/generated_neg_output/udiat_clip_image2prompt_closedform/000034.png,"A medical mammogram revealing a well-defined, non-irregular mass suggestive of a benign breast tumor.",A medical breast mammogram showing healthy breast parenchyma with no suspicious findings.,0.3866615891456604,0.3559326231479645
/home/woojye2020/decs_jupyter_lab/MedCLIP-SAMv2/UDIAT2/test_images/000035.png,/home/woojye2020/decs_jupyter_lab/MedCLIP-SAMv2/generated_neg_output/udiat_clip_image2prompt_closedform/000035.png,"A breast scan identifying a well-defined, oval mass suggestive of a benign breast tumor.",A medical breast mammogram showing healthy breast parenchyma with no suspicious findings.,0.39865827560424805,0.3156537711620331
/home/woojye2020/decs_jupyter_lab/MedCLIP-SAMv2/UDIAT2/test_images/000036.png,/home/woojye2020/decs_jupyter_lab/MedCLIP-SAMv2/generated_neg_output/udiat_clip_image2prompt_closedform/000036.png,"A mammogram displaying a non-invasive, well-defined mass suggestive of a benign breast tumor.","A mammogram showing no abnormalities in the breast tissue, suggestive of a normal, healthy breast.",0.1534596085548401,0.4166221618652344
/home/woojye2020/decs_jupyter_lab/MedCLIP-SAMv2/UDIAT2/test_images/000037.png,/home/woojye2020/decs_jupyter_lab/MedCLIP-SAMv2/generated_neg_output/udiat_clip_image2prompt_closedform/000037.png,"A mammogram revealing a low-density, well-delineated mass likely representing a benign breast tumor.",A breast mammogram displaying normal breast structures with no signs of disease or masses.,0.2514573633670807,0.39078933000564575
/home/woojye2020/decs_jupyter_lab/MedCLIP-SAMv2/UDIAT2/test_images/000038.png,/home/woojye2020/decs_jupyter_lab/MedCLIP-SAMv2/generated_neg_output/udiat_clip_image2prompt_closedform/000038.png,"A breast imaging study revealing a well-marginated, round mass indicative of a benign breast tumor.","A medical breast imaging study revealing clear, unremarkable breast tissue consistent with a healthy scan.",0.2986004948616028,0.2546565532684326
/home/woojye2020/decs_jupyter_lab/MedCLIP-SAMv2/UDIAT2/test_images/000039.png,/home/woojye2020/decs_jupyter_lab/MedCLIP-SAMv2/generated_neg_output/udiat_clip_image2prompt_closedform/000039.png,"A breast scan showing a smooth, encapsulated mass likely representing a benign breast tumor.","A mammogram showing no abnormalities in the breast tissue, suggestive of a normal, healthy breast.",0.36971887946128845,0.3842366337776184
/home/woojye2020/decs_jupyter_lab/MedCLIP-SAMv2/UDIAT2/test_images/000040.png,/home/woojye2020/decs_jupyter_lab/MedCLIP-SAMv2/generated_neg_output/udiat_clip_image2prompt_closedform/000040.png,"A breast scan identifying a well-defined, oval mass suggestive of a benign breast tumor.","A breast imaging study showing clear, homogeneous breast tissue with no signs of pathology.",0.44448572397232056,0.3829299509525299
/home/woojye2020/decs_jupyter_lab/MedCLIP-SAMv2/UDIAT2/test_images/000041.png,/home/woojye2020/decs_jupyter_lab/MedCLIP-SAMv2/generated_neg_output/udiat_clip_image2prompt_closedform/000041.png,"A breast scan showing a spiculated, invasive mass likely indicating a malignant breast tumor.","A breast imaging scan displaying normal, well-distributed breast tissue with no evidence of masses or tumors.",0.4537321627140045,0.32131490111351013
/home/woojye2020/decs_jupyter_lab/MedCLIP-SAMv2/UDIAT2/test_images/000042.png,/home/woojye2020/decs_jupyter_lab/MedCLIP-SAMv2/generated_neg_output/udiat_clip_image2prompt_closedform/000042.png,A mammogram displaying a smoothly contoured mass suggestive of a benign breast tumor.,A medical mammogram displaying well-organized breast tissue with no evidence of abnormalities.,0.2564006745815277,0.31642189621925354
/home/woojye2020/decs_jupyter_lab/MedCLIP-SAMv2/UDIAT2/test_images/000043.png,/home/woojye2020/decs_jupyter_lab/MedCLIP-SAMv2/generated_neg_output/udiat_clip_image2prompt_closedform/000043.png,"A breast imaging scan showing a spiculated, invasive mass indicative of a malignant breast tumor.",A medical breast mammogram showing healthy breast parenchyma with no suspicious findings.,0.5043680667877197,0.36414122581481934
/home/woojye2020/decs_jupyter_lab/MedCLIP-SAMv2/UDIAT2/test_images/000044.png,/home/woojye2020/decs_jupyter_lab/MedCLIP-SAMv2/generated_neg_output/udiat_clip_image2prompt_closedform/000044.png,"A medical breast mammogram showing an irregular, spiculated mass suggestive of a malignant breast tumor.","A mammogram showing no abnormalities in the breast tissue, suggestive of a normal, healthy breast.",0.49242788553237915,0.14401619136333466
/home/woojye2020/decs_jupyter_lab/MedCLIP-SAMv2/UDIAT2/test_images/000045.png,/home/woojye2020/decs_jupyter_lab/MedCLIP-SAMv2/generated_neg_output/udiat_clip_image2prompt_closedform/000045.png,"A medical breast mammogram showing an irregular, spiculated mass suggestive of a malignant breast tumor.",A medical breast mammogram showing healthy breast parenchyma with no suspicious findings.,0.41358935832977295,0.38818445801734924
/home/woojye2020/decs_jupyter_lab/MedCLIP-SAMv2/UDIAT2/test_images/000046.png,/home/woojye2020/decs_jupyter_lab/MedCLIP-SAMv2/generated_neg_output/udiat_clip_image2prompt_closedform/000046.png,"A breast scan showing a spiculated, invasive mass likely indicating a malignant breast tumor.","A breast imaging scan displaying normal, well-distributed breast tissue with no evidence of masses or tumors.",0.19368138909339905,0.4311160445213318
/home/woojye2020/decs_jupyter_lab/MedCLIP-SAMv2/UDIAT2/test_images/000047.png,/home/woojye2020/decs_jupyter_lab/MedCLIP-SAMv2/generated_neg_output/udiat_clip_image2prompt_closedform/000047.png,"A mammogram displaying a poorly defined, lobulated mass indicative of a malignant breast tumor.","A mammogram showing no abnormalities in the breast tissue, suggestive of a normal, healthy breast.",0.40964680910110474,0.4293704032897949
/home/woojye2020/decs_jupyter_lab/MedCLIP-SAMv2/UDIAT2/test_images/000048.png,/home/woojye2020/decs_jupyter_lab/MedCLIP-SAMv2/generated_neg_output/udiat_clip_image2prompt_closedform/000048.png,"A medical breast mammogram detecting a spiculated, irregular mass characteristic of a malignant tumor.",A medical breast mammogram showing healthy breast parenchyma with no suspicious findings.,0.18491926789283752,0.3405941128730774
/home/woojye2020/decs_jupyter_lab/MedCLIP-SAMv2/UDIAT2/test_images/000049.png,/home/woojye2020/decs_jupyter_lab/MedCLIP-SAMv2/generated_neg_output/udiat_clip_image2prompt_closedform/000049.png,"A medical breast mammogram displaying a heterogeneous, irregular mass consistent with a malignant tumor.","A breast imaging study showing clear, homogeneous breast tissue with no signs of pathology.",0.4269399046897888,0.35321348905563354
/home/woojye2020/decs_jupyter_lab/MedCLIP-SAMv2/UDIAT2/test_images/000050.png,/home/woojye2020/decs_jupyter_lab/MedCLIP-SAMv2/generated_neg_output/udiat_clip_image2prompt_closedform/000050.png,"A breast scan showing a spiculated, invasive mass likely indicating a malignant breast tumor.","A breast imaging study showing clear, homogeneous breast tissue with no signs of pathology.",0.4479319453239441,0.42467525601387024
/home/woojye2020/decs_jupyter_lab/MedCLIP-SAMv2/UDIAT2/test_images/000051.png,/home/woojye2020/decs_jupyter_lab/MedCLIP-SAMv2/generated_neg_output/udiat_clip_image2prompt_closedform/000051.png,"A mammogram showing a sharply marginated, round mass suggestive of a benign breast tumor.","A breast imaging scan displaying normal, well-distributed breast tissue with no evidence of masses or tumors.",0.4699901342391968,0.4004436135292053
/home/woojye2020/decs_jupyter_lab/MedCLIP-SAMv2/UDIAT2/test_images/000052.png,/home/woojye2020/decs_jupyter_lab/MedCLIP-SAMv2/generated_neg_output/udiat_clip_image2prompt_closedform/000052.png,"A mammogram showing a sharply marginated, round mass suggestive of a benign breast tumor.","A mammogram showing no abnormalities in the breast tissue, suggestive of a normal, healthy breast.",0.5318118929862976,0.32644617557525635
/home/woojye2020/decs_jupyter_lab/MedCLIP-SAMv2/UDIAT2/test_images/000053.png,/home/woojye2020/decs_jupyter_lab/MedCLIP-SAMv2/generated_neg_output/udiat_clip_image2prompt_closedform/000053.png,"A breast scan showing an ill-defined, invasive mass likely representing a malignant breast tumor.",A medical mammogram displaying well-organized breast tissue with no evidence of abnormalities.,0.36320358514785767,0.21974916756153107
/home/woojye2020/decs_jupyter_lab/MedCLIP-SAMv2/UDIAT2/test_images/000054.png,/home/woojye2020/decs_jupyter_lab/MedCLIP-SAMv2/generated_neg_output/udiat_clip_image2prompt_closedform/000054.png,"A mammogram revealing an ill-defined, irregular mass likely representing a malignant breast tumor.","A breast mammogram showing unremarkable findings consistent with normal, healthy breast tissue.",0.5165659189224243,0.4053945541381836
/home/woojye2020/decs_jupyter_lab/MedCLIP-SAMv2/UDIAT2/test_images/000055.png,/home/woojye2020/decs_jupyter_lab/MedCLIP-SAMv2/generated_neg_output/udiat_clip_image2prompt_closedform/000055.png,"A breast mammogram identifying an irregular, dense mass consistent with a malignant tumor.","A breast mammogram showing unremarkable findings consistent with normal, healthy breast tissue.",0.33882105350494385,0.29101359844207764
/home/woojye2020/decs_jupyter_lab/MedCLIP-SAMv2/UDIAT2/test_images/000056.png,/home/woojye2020/decs_jupyter_lab/MedCLIP-SAMv2/generated_neg_output/udiat_clip_image2prompt_closedform/000056.png,"A breast scan showing a well-contained, round mass likely indicating a benign breast tumor.",A medical breast mammogram showing healthy breast parenchyma with no suspicious findings.,0.4464724659919739,0.37619179487228394
/home/woojye2020/decs_jupyter_lab/MedCLIP-SAMv2/UDIAT2/test_images/000057.png,/home/woojye2020/decs_jupyter_lab/MedCLIP-SAMv2/generated_neg_output/udiat_clip_image2prompt_closedform/000057.png,"A breast imaging scan showing a spiculated, invasive mass indicative of a malignant breast tumor.","A medical breast imaging study revealing clear, unremarkable breast tissue consistent with a healthy scan.",0.4546321928501129,0.3345334827899933
/home/woojye2020/decs_jupyter_lab/MedCLIP-SAMv2/UDIAT2/test_images/000058.png,/home/woojye2020/decs_jupyter_lab/MedCLIP-SAMv2/generated_neg_output/udiat_clip_image2prompt_closedform/000058.png,"A mammogram displaying a non-spiculated, round mass suggestive of a benign breast tumor.","A breast imaging study showing clear, homogeneous breast tissue with no signs of pathology.",0.48670870065689087,0.4346809387207031
/home/woojye2020/decs_jupyter_lab/MedCLIP-SAMv2/UDIAT2/test_images/000059.png,/home/woojye2020/decs_jupyter_lab/MedCLIP-SAMv2/generated_neg_output/udiat_clip_image2prompt_closedform/000059.png,"A mammogram displaying a round, homogeneous mass indicative of a benign breast tumor.","A medical breast mammogram showing clear breast tissue with no visible abnormalities, indicating a normal scan.",0.4095703661441803,0.42769044637680054
/home/woojye2020/decs_jupyter_lab/MedCLIP-SAMv2/UDIAT2/test_images/000060.png,/home/woojye2020/decs_jupyter_lab/MedCLIP-SAMv2/generated_neg_output/udiat_clip_image2prompt_closedform/000060.png,"A breast imaging study revealing a well-defined, encapsulated mass likely representing a benign breast tumor.","A medical breast imaging study revealing clear, unremarkable breast tissue consistent with a healthy scan.",0.3866925537586212,0.4037604331970215
/home/woojye2020/decs_jupyter_lab/MedCLIP-SAMv2/UDIAT2/test_images/000061.png,/home/woojye2020/decs_jupyter_lab/MedCLIP-SAMv2/generated_neg_output/udiat_clip_image2prompt_closedform/000061.png,A mammogram displaying a smoothly contoured mass suggestive of a benign breast tumor.,"A medical breast imaging study revealing clear, unremarkable breast tissue consistent with a healthy scan.",0.4463246166706085,0.3435942828655243
/home/woojye2020/decs_jupyter_lab/MedCLIP-SAMv2/UDIAT2/test_images/000062.png,/home/woojye2020/decs_jupyter_lab/MedCLIP-SAMv2/generated_neg_output/udiat_clip_image2prompt_closedform/000062.png,"A breast mammogram identifying a well-encapsulated, smooth mass consistent with a benign tumor.","A breast mammogram showing unremarkable findings consistent with normal, healthy breast tissue.",0.44280144572257996,0.34488627314567566
/home/woojye2020/decs_jupyter_lab/MedCLIP-SAMv2/UDIAT2/test_images/000063.png,/home/woojye2020/decs_jupyter_lab/MedCLIP-SAMv2/generated_neg_output/udiat_clip_image2prompt_closedform/000063.png,"A mammogram displaying a round, homogeneous mass indicative of a benign breast tumor.","A mammogram revealing normal breast tissue with no visible masses, calcifications, or distortions.",0.447037011384964,0.467094361782074
/home/woojye2020/decs_jupyter_lab/MedCLIP-SAMv2/UDIAT2/test_images/000064.png,/home/woojye2020/decs_jupyter_lab/MedCLIP-SAMv2/generated_neg_output/udiat_clip_image2prompt_closedform/000064.png,"A breast scan showing a well-contained, round mass likely indicating a benign breast tumor.","A breast mammogram showing unremarkable findings consistent with normal, healthy breast tissue.",0.551041841506958,0.34785130620002747
/home/woojye2020/decs_jupyter_lab/MedCLIP-SAMv2/UDIAT2/test_images/000065.png,/home/woojye2020/decs_jupyter_lab/MedCLIP-SAMv2/generated_neg_output/udiat_clip_image2prompt_closedform/000065.png,"A medical mammogram revealing a well-defined, non-irregular mass suggestive of a benign breast tumor.",A medical mammogram displaying well-organized breast tissue with no evidence of abnormalities.,0.3115239143371582,0.4060547351837158
/home/woojye2020/decs_jupyter_lab/MedCLIP-SAMv2/UDIAT2/test_images/000066.png,/home/woojye2020/decs_jupyter_lab/MedCLIP-SAMv2/generated_neg_output/udiat_clip_image2prompt_closedform/000066.png,"A mammogram revealing a low-density, well-delineated mass likely representing a benign breast tumor.",A medical mammogram displaying well-organized breast tissue with no evidence of abnormalities.,0.4245487153530121,0.3885842263698578
/home/woojye2020/decs_jupyter_lab/MedCLIP-SAMv2/UDIAT2/test_images/000067.png,/home/woojye2020/decs_jupyter_lab/MedCLIP-SAMv2/generated_neg_output/udiat_clip_image2prompt_closedform/000067.png,"A medical breast mammogram showing a well-defined, round mass suggestive of a benign breast tumor.",A breast mammogram displaying normal breast structures with no signs of disease or masses.,0.16078811883926392,0.2751012146472931
/home/woojye2020/decs_jupyter_lab/MedCLIP-SAMv2/UDIAT2/test_images/000068.png,/home/woojye2020/decs_jupyter_lab/MedCLIP-SAMv2/generated_neg_output/udiat_clip_image2prompt_closedform/000068.png,"A breast scan showing a smooth, encapsulated mass likely representing a benign breast tumor.","A breast imaging scan displaying normal, well-distributed breast tissue with no evidence of masses or tumors.",0.46164658665657043,0.39384567737579346
/home/woojye2020/decs_jupyter_lab/MedCLIP-SAMv2/UDIAT2/test_images/000069.png,/home/woojye2020/decs_jupyter_lab/MedCLIP-SAMv2/generated_neg_output/udiat_clip_image2prompt_closedform/000069.png,A mammogram displaying a smoothly contoured mass suggestive of a benign breast tumor.,A medical breast mammogram showing healthy breast parenchyma with no suspicious findings.,0.30614233016967773,0.3928283452987671
/home/woojye2020/decs_jupyter_lab/MedCLIP-SAMv2/UDIAT2/test_images/000070.png,/home/woojye2020/decs_jupyter_lab/MedCLIP-SAMv2/generated_neg_output/udiat_clip_image2prompt_closedform/000070.png,"A breast imaging study revealing a well-defined, encapsulated mass likely representing a benign breast tumor.","A breast imaging scan displaying normal, well-distributed breast tissue with no evidence of masses or tumors.",0.49358072876930237,0.38028302788734436
/home/woojye2020/decs_jupyter_lab/MedCLIP-SAMv2/UDIAT2/test_images/000071.png,/home/woojye2020/decs_jupyter_lab/MedCLIP-SAMv2/generated_neg_output/udiat_clip_image2prompt_closedform/000071.png,"A breast mammogram identifying a well-encapsulated, smooth mass consistent with a benign tumor.","A medical breast imaging study revealing clear, unremarkable breast tissue consistent with a healthy scan.",0.3371415436267853,0.4182698726654053
/home/woojye2020/decs_jupyter_lab/MedCLIP-SAMv2/UDIAT2/test_images/000072.png,/home/woojye2020/decs_jupyter_lab/MedCLIP-SAMv2/generated_neg_output/udiat_clip_image2prompt_closedform/000072.png,"A medical mammogram revealing a well-defined, non-irregular mass suggestive of a benign breast tumor.","A medical breast mammogram showing clear breast tissue with no visible abnormalities, indicating a normal scan.",0.33469870686531067,0.4195519685745239
/home/woojye2020/decs_jupyter_lab/MedCLIP-SAMv2/UDIAT2/test_images/000073.png,/home/woojye2020/decs_jupyter_lab/MedCLIP-SAMv2/generated_neg_output/udiat_clip_image2prompt_closedform/000073.png,"A mammogram revealing a low-density, well-delineated mass likely representing a benign breast tumor.",A medical mammogram displaying well-organized breast tissue with no evidence of abnormalities.,0.37977465987205505,0.3985488712787628
/home/woojye2020/decs_jupyter_lab/MedCLIP-SAMv2/UDIAT2/test_images/000074.png,/home/woojye2020/decs_jupyter_lab/MedCLIP-SAMv2/generated_neg_output/udiat_clip_image2prompt_closedform/000074.png,"A breast scan identifying a well-defined, oval mass suggestive of a benign breast tumor.",A medical mammogram displaying well-organized breast tissue with no evidence of abnormalities.,0.43757688999176025,0.46192654967308044
/home/woojye2020/decs_jupyter_lab/MedCLIP-SAMv2/UDIAT2/test_images/000075.png,/home/woojye2020/decs_jupyter_lab/MedCLIP-SAMv2/generated_neg_output/udiat_clip_image2prompt_closedform/000075.png,"A breast imaging study revealing a well-defined, encapsulated mass likely representing a benign breast tumor.","A breast imaging scan displaying normal, well-distributed breast tissue with no evidence of masses or tumors.",0.5098114609718323,0.42023617029190063
/home/woojye2020/decs_jupyter_lab/MedCLIP-SAMv2/UDIAT2/test_images/000076.png,/home/woojye2020/decs_jupyter_lab/MedCLIP-SAMv2/generated_neg_output/udiat_clip_image2prompt_closedform/000076.png,A mammogram displaying a smoothly contoured mass suggestive of a benign breast tumor.,A medical mammogram displaying well-organized breast tissue with no evidence of abnormalities.,0.4050609767436981,0.40078017115592957
/home/woojye2020/decs_jupyter_lab/MedCLIP-SAMv2/UDIAT2/test_images/000077.png,/home/woojye2020/decs_jupyter_lab/MedCLIP-SAMv2/generated_neg_output/udiat_clip_image2prompt_closedform/000077.png,"A breast imaging study revealing a well-marginated, round mass indicative of a benign breast tumor.","A mammogram showing no abnormalities in the breast tissue, suggestive of a normal, healthy breast.",0.38513627648353577,0.33027079701423645
/home/woojye2020/decs_jupyter_lab/MedCLIP-SAMv2/UDIAT2/test_images/000078.png,/home/woojye2020/decs_jupyter_lab/MedCLIP-SAMv2/generated_neg_output/udiat_clip_image2prompt_closedform/000078.png,"A mammogram showing a sharply marginated, round mass suggestive of a benign breast tumor.",A medical breast mammogram showing healthy breast parenchyma with no suspicious findings.,0.352170467376709,0.4068731963634491
/home/woojye2020/decs_jupyter_lab/MedCLIP-SAMv2/UDIAT2/test_images/000079.png,/home/woojye2020/decs_jupyter_lab/MedCLIP-SAMv2/generated_neg_output/udiat_clip_image2prompt_closedform/000079.png,"A breast scan identifying a well-defined, oval mass suggestive of a benign breast tumor.",A medical mammogram displaying well-organized breast tissue with no evidence of abnormalities.,0.3240516483783722,0.3956795632839203
/home/woojye2020/decs_jupyter_lab/MedCLIP-SAMv2/UDIAT2/test_images/000080.png,/home/woojye2020/decs_jupyter_lab/MedCLIP-SAMv2/generated_neg_output/udiat_clip_image2prompt_closedform/000080.png,"A mammogram displaying a non-spiculated, round mass suggestive of a benign breast tumor.","A medical breast mammogram showing clear breast tissue with no visible abnormalities, indicating a normal scan.",0.402178019285202,0.45615246891975403
/home/woojye2020/decs_jupyter_lab/MedCLIP-SAMv2/UDIAT2/test_images/000081.png,/home/woojye2020/decs_jupyter_lab/MedCLIP-SAMv2/generated_neg_output/udiat_clip_image2prompt_closedform/000081.png,"A breast imaging study revealing a well-marginated, round mass indicative of a benign breast tumor.",A medical breast mammogram showing healthy breast parenchyma with no suspicious findings.,0.5795174837112427,0.4094840884208679
/home/woojye2020/decs_jupyter_lab/MedCLIP-SAMv2/UDIAT2/test_images/000082.png,/home/woojye2020/decs_jupyter_lab/MedCLIP-SAMv2/generated_neg_output/udiat_clip_image2prompt_closedform/000082.png,"A breast imaging study showing a homogenous, well-circumscribed mass indicative of a benign tumor.","A medical breast mammogram showing clear breast tissue with no visible abnormalities, indicating a normal scan.",0.3538871109485626,0.3149828612804413
/home/woojye2020/decs_jupyter_lab/MedCLIP-SAMv2/UDIAT2/test_images/000083.png,/home/woojye2020/decs_jupyter_lab/MedCLIP-SAMv2/generated_neg_output/udiat_clip_image2prompt_closedform/000083.png,"A breast imaging study revealing a well-defined, encapsulated mass likely representing a benign breast tumor.",A medical breast mammogram showing healthy breast parenchyma with no suspicious findings.,0.3929816484451294,0.3642011880874634
/home/woojye2020/decs_jupyter_lab/MedCLIP-SAMv2/UDIAT2/test_images/000084.png,/home/woojye2020/decs_jupyter_lab/MedCLIP-SAMv2/generated_neg_output/udiat_clip_image2prompt_closedform/000084.png,"A breast imaging study showing a well-margined, round mass suggestive of a benign breast tumor.","A mammogram showing no abnormalities in the breast tissue, suggestive of a normal, healthy breast.",0.4863566756248474,0.3970036208629608
/home/woojye2020/decs_jupyter_lab/MedCLIP-SAMv2/UDIAT2/test_images/000085.png,/home/woojye2020/decs_jupyter_lab/MedCLIP-SAMv2/generated_neg_output/udiat_clip_image2prompt_closedform/000085.png,"A medical breast mammogram showing a smooth, well-circumscribed mass suggestive of a benign breast tumor.","A mammogram showing no abnormalities in the breast tissue, suggestive of a normal, healthy breast.",0.45682793855667114,0.45332011580467224
/home/woojye2020/decs_jupyter_lab/MedCLIP-SAMv2/UDIAT2/test_images/000086.png,/home/woojye2020/decs_jupyter_lab/MedCLIP-SAMv2/generated_neg_output/udiat_clip_image2prompt_closedform/000086.png,"A medical breast mammogram detecting a non-aggressive, well-defined mass characteristic of a benign tumor.",A breast mammogram displaying normal breast structures with no signs of disease or masses.,0.4052932560443878,0.39867305755615234
/home/woojye2020/decs_jupyter_lab/MedCLIP-SAMv2/UDIAT2/test_images/000087.png,/home/woojye2020/decs_jupyter_lab/MedCLIP-SAMv2/generated_neg_output/udiat_clip_image2prompt_closedform/000087.png,"A mammogram displaying a round, homogeneous mass indicative of a benign breast tumor.","A breast imaging study showing clear, homogeneous breast tissue with no signs of pathology.",0.4129405617713928,0.4426474869251251
/home/woojye2020/decs_jupyter_lab/MedCLIP-SAMv2/UDIAT2/test_images/000088.png,/home/woojye2020/decs_jupyter_lab/MedCLIP-SAMv2/generated_neg_output/udiat_clip_image2prompt_closedform/000088.png,"A mammogram displaying a round, homogeneous mass indicative of a benign breast tumor.",A medical mammogram displaying well-organized breast tissue with no evidence of abnormalities.,0.5026736855506897,0.29244986176490784
/home/woojye2020/decs_jupyter_lab/MedCLIP-SAMv2/UDIAT2/test_images/000089.png,/home/woojye2020/decs_jupyter_lab/MedCLIP-SAMv2/generated_neg_output/udiat_clip_image2prompt_closedform/000089.png,"A mammogram showing a sharply marginated, round mass suggestive of a benign breast tumor.","A medical breast imaging study revealing clear, unremarkable breast tissue consistent with a healthy scan.",0.469620943069458,0.34669166803359985
/home/woojye2020/decs_jupyter_lab/MedCLIP-SAMv2/UDIAT2/test_images/000090.png,/home/woojye2020/decs_jupyter_lab/MedCLIP-SAMv2/generated_neg_output/udiat_clip_image2prompt_closedform/000090.png,"A breast imaging study showing a homogenous, well-circumscribed mass indicative of a benign tumor.",A medical mammogram displaying well-organized breast tissue with no evidence of abnormalities.,0.31946074962615967,0.3837362229824066
/home/woojye2020/decs_jupyter_lab/MedCLIP-SAMv2/UDIAT2/test_images/000091.png,/home/woojye2020/decs_jupyter_lab/MedCLIP-SAMv2/generated_neg_output/udiat_clip_image2prompt_closedform/000091.png,"A breast scan identifying a well-defined, oval mass suggestive of a benign breast tumor.","A breast imaging scan displaying normal, well-distributed breast tissue with no evidence of masses or tumors.",0.3137785494327545,0.40450575947761536
/home/woojye2020/decs_jupyter_lab/MedCLIP-SAMv2/UDIAT2/test_images/000092.png,/home/woojye2020/decs_jupyter_lab/MedCLIP-SAMv2/generated_neg_output/udiat_clip_image2prompt_closedform/000092.png,"A mammogram displaying a non-spiculated, round mass suggestive of a benign breast tumor.","A breast mammogram showing unremarkable findings consistent with normal, healthy breast tissue.",0.2469474822282791,0.14186877012252808
/home/woojye2020/decs_jupyter_lab/MedCLIP-SAMv2/UDIAT2/test_images/000093.png,/home/woojye2020/decs_jupyter_lab/MedCLIP-SAMv2/generated_neg_output/udiat_clip_image2prompt_closedform/000093.png,"A breast mammogram identifying a well-encapsulated, smooth mass consistent with a benign tumor.","A mammogram showing no abnormalities in the breast tissue, suggestive of a normal, healthy breast.",0.38140082359313965,0.34880203008651733
/home/woojye2020/decs_jupyter_lab/MedCLIP-SAMv2/UDIAT2/test_images/000094.png,/home/woojye2020/decs_jupyter_lab/MedCLIP-SAMv2/generated_neg_output/udiat_clip_image2prompt_closedform/000094.png,"A breast scan showing a smooth, encapsulated mass likely representing a benign breast tumor.","A mammogram showing no abnormalities in the breast tissue, suggestive of a normal, healthy breast.",0.21850131452083588,0.4519258737564087
/home/woojye2020/decs_jupyter_lab/MedCLIP-SAMv2/UDIAT2/test_images/000095.png,/home/woojye2020/decs_jupyter_lab/MedCLIP-SAMv2/generated_neg_output/udiat_clip_image2prompt_closedform/000095.png,"A breast imaging study showing a well-margined, round mass suggestive of a benign breast tumor.","A mammogram revealing normal breast tissue with no visible masses, calcifications, or distortions.",0.4266100823879242,0.46970224380493164
/home/woojye2020/decs_jupyter_lab/MedCLIP-SAMv2/UDIAT2/test_images/000096.png,/home/woojye2020/decs_jupyter_lab/MedCLIP-SAMv2/generated_neg_output/udiat_clip_image2prompt_closedform/000096.png,A mammogram displaying a smoothly contoured mass suggestive of a benign breast tumor.,A medical breast mammogram showing healthy breast parenchyma with no suspicious findings.,0.46193137764930725,0.3213719427585602
/home/woojye2020/decs_jupyter_lab/MedCLIP-SAMv2/UDIAT2/test_images/000097.png,/home/woojye2020/decs_jupyter_lab/MedCLIP-SAMv2/generated_neg_output/udiat_clip_image2prompt_closedform/000097.png,"A medical mammogram revealing a well-defined, non-irregular mass suggestive of a benign breast tumor.",A medical mammogram displaying well-organized breast tissue with no evidence of abnormalities.,0.3748793601989746,0.3908637762069702
/home/woojye2020/decs_jupyter_lab/MedCLIP-SAMv2/UDIAT2/test_images/000098.png,/home/woojye2020/decs_jupyter_lab/MedCLIP-SAMv2/generated_neg_output/udiat_clip_image2prompt_closedform/000098.png,"A medical mammogram revealing a well-defined, non-irregular mass suggestive of a benign breast tumor.",A breast mammogram displaying normal breast structures with no signs of disease or masses.,0.3938941955566406,0.2663705050945282
/home/woojye2020/decs_jupyter_lab/MedCLIP-SAMv2/UDIAT2/test_images/000099.png,/home/woojye2020/decs_jupyter_lab/MedCLIP-SAMv2/generated_neg_output/udiat_clip_image2prompt_closedform/000099.png,"A breast imaging scan showing a well-circumscribed, smooth mass indicative of a benign breast tumor.","A mammogram showing no abnormalities in the breast tissue, suggestive of a normal, healthy breast.",0.26767557859420776,0.07620824873447418
/home/woojye2020/decs_jupyter_lab/MedCLIP-SAMv2/UDIAT2/test_images/000100.png,/home/woojye2020/decs_jupyter_lab/MedCLIP-SAMv2/generated_neg_output/udiat_clip_image2prompt_closedform/000100.png,"A mammogram displaying a round, homogeneous mass indicative of a benign breast tumor.",A medical breast mammogram showing healthy breast parenchyma with no suspicious findings.,0.30440449714660645,0.04245511442422867
/home/woojye2020/decs_jupyter_lab/MedCLIP-SAMv2/UDIAT2/test_images/000101.png,/home/woojye2020/decs_jupyter_lab/MedCLIP-SAMv2/generated_neg_output/udiat_clip_image2prompt_closedform/000101.png,"A medical breast mammogram showing a well-defined, round mass suggestive of a benign breast tumor.","A breast mammogram showing unremarkable findings consistent with normal, healthy breast tissue.",0.347773015499115,0.24354298412799835
/home/woojye2020/decs_jupyter_lab/MedCLIP-SAMv2/UDIAT2/test_images/000102.png,/home/woojye2020/decs_jupyter_lab/MedCLIP-SAMv2/generated_neg_output/udiat_clip_image2prompt_closedform/000102.png,"A breast scan showing a smooth, encapsulated mass likely representing a benign breast tumor.","A mammogram showing no abnormalities in the breast tissue, suggestive of a normal, healthy breast.",0.43140527606010437,0.3855055570602417
/home/woojye2020/decs_jupyter_lab/MedCLIP-SAMv2/UDIAT2/test_images/000103.png,/home/woojye2020/decs_jupyter_lab/MedCLIP-SAMv2/generated_neg_output/udiat_clip_image2prompt_closedform/000103.png,"A medical breast mammogram detecting a non-aggressive, well-defined mass characteristic of a benign tumor.","A mammogram showing no abnormalities in the breast tissue, suggestive of a normal, healthy breast.",0.4037151634693146,0.3595384657382965
/home/woojye2020/decs_jupyter_lab/MedCLIP-SAMv2/UDIAT2/test_images/000104.png,/home/woojye2020/decs_jupyter_lab/MedCLIP-SAMv2/generated_neg_output/udiat_clip_image2prompt_closedform/000104.png,"A medical breast mammogram showing a well-defined, round mass suggestive of a benign breast tumor.",A breast mammogram displaying normal breast structures with no signs of disease or masses.,0.5624596476554871,0.36968377232551575
/home/woojye2020/decs_jupyter_lab/MedCLIP-SAMv2/UDIAT2/test_images/000105.png,/home/woojye2020/decs_jupyter_lab/MedCLIP-SAMv2/generated_neg_output/udiat_clip_image2prompt_closedform/000105.png,A mammogram displaying a smoothly contoured mass suggestive of a benign breast tumor.,"A medical breast mammogram showing clear breast tissue with no visible abnormalities, indicating a normal scan.",0.3660757839679718,0.41514691710472107
/home/woojye2020/decs_jupyter_lab/MedCLIP-SAMv2/UDIAT2/test_images/000106.png,/home/woojye2020/decs_jupyter_lab/MedCLIP-SAMv2/generated_neg_output/udiat_clip_image2prompt_closedform/000106.png,"A breast imaging scan showing a well-circumscribed, smooth mass indicative of a benign breast tumor.",A breast mammogram displaying normal breast structures with no signs of disease or masses.,0.35334786772727966,0.3326406478881836
/home/woojye2020/decs_jupyter_lab/MedCLIP-SAMv2/UDIAT2/test_images/000107.png,/home/woojye2020/decs_jupyter_lab/MedCLIP-SAMv2/generated_neg_output/udiat_clip_image2prompt_closedform/000107.png,"A medical breast mammogram showing a smooth, well-circumscribed mass suggestive of a benign breast tumor.",A medical breast mammogram showing healthy breast parenchyma with no suspicious findings.,0.30244600772857666,0.3161782920360565
/home/woojye2020/decs_jupyter_lab/MedCLIP-SAMv2/UDIAT2/test_images/000108.png,/home/woojye2020/decs_jupyter_lab/MedCLIP-SAMv2/generated_neg_output/udiat_clip_image2prompt_closedform/000108.png,"A mammogram displaying a round, homogeneous mass indicative of a benign breast tumor.",A medical mammogram displaying well-organized breast tissue with no evidence of abnormalities.,0.4277269244194031,0.37231457233428955
/home/woojye2020/decs_jupyter_lab/MedCLIP-SAMv2/UDIAT2/test_images/000109.png,/home/woojye2020/decs_jupyter_lab/MedCLIP-SAMv2/generated_neg_output/udiat_clip_image2prompt_closedform/000109.png,"A breast imaging scan showing a well-circumscribed, smooth mass indicative of a benign breast tumor.","A breast imaging scan displaying normal, well-distributed breast tissue with no evidence of masses or tumors.",0.377635657787323,0.3056119382381439
/home/woojye2020/decs_jupyter_lab/MedCLIP-SAMv2/UDIAT2/test_images/000110.png,/home/woojye2020/decs_jupyter_lab/MedCLIP-SAMv2/generated_neg_output/udiat_clip_image2prompt_closedform/000110.png,"A breast imaging study showing a homogenous, well-circumscribed mass indicative of a benign tumor.","A mammogram showing no abnormalities in the breast tissue, suggestive of a normal, healthy breast.",0.21468743681907654,0.238569438457489
/home/woojye2020/decs_jupyter_lab/MedCLIP-SAMv2/UDIAT2/test_images/000111.png,/home/woojye2020/decs_jupyter_lab/MedCLIP-SAMv2/generated_neg_output/udiat_clip_image2prompt_closedform/000111.png,"A breast scan showing a smooth, encapsulated mass likely representing a benign breast tumor.","A medical breast imaging study revealing clear, unremarkable breast tissue consistent with a healthy scan.",0.3643338978290558,0.2909057140350342
/home/woojye2020/decs_jupyter_lab/MedCLIP-SAMv2/UDIAT2/test_images/000112.png,/home/woojye2020/decs_jupyter_lab/MedCLIP-SAMv2/generated_neg_output/udiat_clip_image2prompt_closedform/000112.png,"A medical breast mammogram detecting a non-aggressive, well-defined mass characteristic of a benign tumor.","A breast mammogram showing unremarkable findings consistent with normal, healthy breast tissue.",0.3386256694793701,0.1447889804840088
/home/woojye2020/decs_jupyter_lab/MedCLIP-SAMv2/UDIAT2/test_images/000113.png,/home/woojye2020/decs_jupyter_lab/MedCLIP-SAMv2/generated_neg_output/udiat_clip_image2prompt_closedform/000113.png,"A breast imaging study showing a homogenous, well-circumscribed mass indicative of a benign tumor.","A mammogram showing no abnormalities in the breast tissue, suggestive of a normal, healthy breast.",0.37141087651252747,0.30181583762168884
/home/woojye2020/decs_jupyter_lab/MedCLIP-SAMv2/UDIAT2/test_images/000114.png,/home/woojye2020/decs_jupyter_lab/MedCLIP-SAMv2/generated_neg_output/udiat_clip_image2prompt_closedform/000114.png,"A breast imaging study showing a homogenous, well-circumscribed mass indicative of a benign tumor.","A mammogram revealing normal breast tissue with no visible masses, calcifications, or distortions.",0.3137368857860565,0.40214788913726807
/home/woojye2020/decs_jupyter_lab/MedCLIP-SAMv2/UDIAT2/test_images/000115.png,/home/woojye2020/decs_jupyter_lab/MedCLIP-SAMv2/generated_neg_output/udiat_clip_image2prompt_closedform/000115.png,"A medical breast mammogram displaying a lobulated, non-aggressive mass consistent with a benign tumor.",A breast mammogram displaying normal breast structures with no signs of disease or masses.,0.38123154640197754,0.3542928695678711
/home/woojye2020/decs_jupyter_lab/MedCLIP-SAMv2/UDIAT2/test_images/000116.png,/home/woojye2020/decs_jupyter_lab/MedCLIP-SAMv2/generated_neg_output/udiat_clip_image2prompt_closedform/000116.png,"A breast imaging study revealing a well-defined, encapsulated mass likely representing a benign breast tumor.","A mammogram revealing normal breast tissue with no visible masses, calcifications, or distortions.",0.29750964045524597,0.3336924612522125
/home/woojye2020/decs_jupyter_lab/MedCLIP-SAMv2/UDIAT2/test_images/000117.png,/home/woojye2020/decs_jupyter_lab/MedCLIP-SAMv2/generated_neg_output/udiat_clip_image2prompt_closedform/000117.png,"A mammogram displaying a non-invasive, well-defined mass suggestive of a benign breast tumor.","A mammogram revealing normal breast tissue with no visible masses, calcifications, or distortions.",0.4476844072341919,0.4119897484779358
/home/woojye2020/decs_jupyter_lab/MedCLIP-SAMv2/UDIAT2/test_images/000118.png,/home/woojye2020/decs_jupyter_lab/MedCLIP-SAMv2/generated_neg_output/udiat_clip_image2prompt_closedform/000118.png,"A breast mammogram identifying a well-encapsulated, smooth mass consistent with a benign tumor.","A breast imaging study showing clear, homogeneous breast tissue with no signs of pathology.",0.414474755525589,0.23926648497581482
/home/woojye2020/decs_jupyter_lab/MedCLIP-SAMv2/UDIAT2/test_images/000119.png,/home/woojye2020/decs_jupyter_lab/MedCLIP-SAMv2/generated_neg_output/udiat_clip_image2prompt_closedform/000119.png,"A medical breast mammogram showing a smooth, well-circumscribed mass suggestive of a benign breast tumor.",A breast mammogram displaying normal breast structures with no signs of disease or masses.,0.4837694466114044,0.4004211723804474
/home/woojye2020/decs_jupyter_lab/MedCLIP-SAMv2/UDIAT2/test_images/000120.png,/home/woojye2020/decs_jupyter_lab/MedCLIP-SAMv2/generated_neg_output/udiat_clip_image2prompt_closedform/000120.png,"A medical breast mammogram showing a smooth, well-circumscribed mass suggestive of a benign breast tumor.","A mammogram revealing normal breast tissue with no visible masses, calcifications, or distortions.",0.3863591253757477,0.3463490605354309
/home/woojye2020/decs_jupyter_lab/MedCLIP-SAMv2/UDIAT2/test_images/000121.png,/home/woojye2020/decs_jupyter_lab/MedCLIP-SAMv2/generated_neg_output/udiat_clip_image2prompt_closedform/000121.png,"A medical mammogram detecting a smooth, well-defined mass characteristic of a benign breast tumor.",A breast mammogram displaying normal breast structures with no signs of disease or masses.,0.34339484572410583,0.36354196071624756
/home/woojye2020/decs_jupyter_lab/MedCLIP-SAMv2/UDIAT2/test_images/000122.png,/home/woojye2020/decs_jupyter_lab/MedCLIP-SAMv2/generated_neg_output/udiat_clip_image2prompt_closedform/000122.png,"A breast imaging scan showing a well-circumscribed, smooth mass indicative of a benign breast tumor.","A mammogram showing no abnormalities in the breast tissue, suggestive of a normal, healthy breast.",0.48926931619644165,0.3414062261581421
/home/woojye2020/decs_jupyter_lab/MedCLIP-SAMv2/UDIAT2/test_images/000123.png,/home/woojye2020/decs_jupyter_lab/MedCLIP-SAMv2/generated_neg_output/udiat_clip_image2prompt_closedform/000123.png,"A medical breast mammogram displaying a lobulated, non-aggressive mass consistent with a benign tumor.",A medical mammogram displaying well-organized breast tissue with no evidence of abnormalities.,0.2731664776802063,0.2536109983921051
/home/woojye2020/decs_jupyter_lab/MedCLIP-SAMv2/UDIAT2/test_images/000124.png,/home/woojye2020/decs_jupyter_lab/MedCLIP-SAMv2/generated_neg_output/udiat_clip_image2prompt_closedform/000124.png,"A medical mammogram revealing a well-defined, non-irregular mass suggestive of a benign breast tumor.","A medical breast imaging study revealing clear, unremarkable breast tissue consistent with a healthy scan.",0.4752190113067627,0.3728761672973633
/home/woojye2020/decs_jupyter_lab/MedCLIP-SAMv2/UDIAT2/test_images/000125.png,/home/woojye2020/decs_jupyter_lab/MedCLIP-SAMv2/generated_neg_output/udiat_clip_image2prompt_closedform/000125.png,"A breast mammogram identifying a well-encapsulated, smooth mass consistent with a benign tumor.","A medical breast imaging study revealing clear, unremarkable breast tissue consistent with a healthy scan.",0.47195568680763245,0.3791526257991791
/home/woojye2020/decs_jupyter_lab/MedCLIP-SAMv2/UDIAT2/test_images/000126.png,/home/woojye2020/decs_jupyter_lab/MedCLIP-SAMv2/generated_neg_output/udiat_clip_image2prompt_closedform/000126.png,"A mammogram revealing a low-density, well-delineated mass likely representing a benign breast tumor.","A breast imaging study showing clear, homogeneous breast tissue with no signs of pathology.",0.42619600892066956,0.2436904013156891
/home/woojye2020/decs_jupyter_lab/MedCLIP-SAMv2/UDIAT2/test_images/000127.png,/home/woojye2020/decs_jupyter_lab/MedCLIP-SAMv2/generated_neg_output/udiat_clip_image2prompt_closedform/000127.png,"A breast imaging scan showing a well-circumscribed, smooth mass indicative of a benign breast tumor.",A breast mammogram displaying normal breast structures with no signs of disease or masses.,0.34970414638519287,0.16256628930568695
/home/woojye2020/decs_jupyter_lab/MedCLIP-SAMv2/UDIAT2/test_images/000128.png,/home/woojye2020/decs_jupyter_lab/MedCLIP-SAMv2/generated_neg_output/udiat_clip_image2prompt_closedform/000128.png,"A medical mammogram revealing a well-defined, non-irregular mass suggestive of a benign breast tumor.",A medical mammogram displaying well-organized breast tissue with no evidence of abnormalities.,0.43555670976638794,0.42749473452568054
/home/woojye2020/decs_jupyter_lab/MedCLIP-SAMv2/UDIAT2/test_images/000129.png,/home/woojye2020/decs_jupyter_lab/MedCLIP-SAMv2/generated_neg_output/udiat_clip_image2prompt_closedform/000129.png,"A breast imaging study revealing a well-defined, encapsulated mass likely representing a benign breast tumor.","A medical breast mammogram showing clear breast tissue with no visible abnormalities, indicating a normal scan.",0.5261564254760742,0.4479120373725891
/home/woojye2020/decs_jupyter_lab/MedCLIP-SAMv2/UDIAT2/test_images/000130.png,/home/woojye2020/decs_jupyter_lab/MedCLIP-SAMv2/generated_neg_output/udiat_clip_image2prompt_closedform/000130.png,A mammogram displaying a smoothly contoured mass suggestive of a benign breast tumor.,A medical mammogram displaying well-organized breast tissue with no evidence of abnormalities.,0.3136711120605469,0.3707076907157898
/home/woojye2020/decs_jupyter_lab/MedCLIP-SAMv2/UDIAT2/test_images/000131.png,/home/woojye2020/decs_jupyter_lab/MedCLIP-SAMv2/generated_neg_output/udiat_clip_image2prompt_closedform/000131.png,"A medical breast mammogram showing a well-defined, round mass suggestive of a benign breast tumor.",A breast mammogram displaying normal breast structures with no signs of disease or masses.,0.4028967022895813,0.3417935371398926
/home/woojye2020/decs_jupyter_lab/MedCLIP-SAMv2/UDIAT2/test_images/000132.png,/home/woojye2020/decs_jupyter_lab/MedCLIP-SAMv2/generated_neg_output/udiat_clip_image2prompt_closedform/000132.png,"A breast imaging scan showing a spiculated, invasive mass indicative of a malignant breast tumor.","A medical breast imaging study revealing clear, unremarkable breast tissue consistent with a healthy scan.",0.5003488063812256,0.3921191990375519
/home/woojye2020/decs_jupyter_lab/MedCLIP-SAMv2/UDIAT2/test_images/000133.png,/home/woojye2020/decs_jupyter_lab/MedCLIP-SAMv2/generated_neg_output/udiat_clip_image2prompt_closedform/000133.png,"A breast mammogram identifying an irregular, dense mass consistent with a malignant tumor.","A breast imaging study showing clear, homogeneous breast tissue with no signs of pathology.",0.3949325680732727,0.3799166679382324
/home/woojye2020/decs_jupyter_lab/MedCLIP-SAMv2/UDIAT2/test_images/000134.png,/home/woojye2020/decs_jupyter_lab/MedCLIP-SAMv2/generated_neg_output/udiat_clip_image2prompt_closedform/000134.png,"A breast imaging study showing a poorly marginated, irregular mass indicative of a malignant tumor.","A mammogram showing no abnormalities in the breast tissue, suggestive of a normal, healthy breast.",0.4038185477256775,0.3655731976032257
/home/woojye2020/decs_jupyter_lab/MedCLIP-SAMv2/UDIAT2/test_images/000135.png,/home/woojye2020/decs_jupyter_lab/MedCLIP-SAMv2/generated_neg_output/udiat_clip_image2prompt_closedform/000135.png,"A breast scan showing a spiculated, invasive mass likely indicating a malignant breast tumor.","A medical breast mammogram showing clear breast tissue with no visible abnormalities, indicating a normal scan.",0.4454042911529541,0.4238644540309906
/home/woojye2020/decs_jupyter_lab/MedCLIP-SAMv2/UDIAT2/test_images/000136.png,/home/woojye2020/decs_jupyter_lab/MedCLIP-SAMv2/generated_neg_output/udiat_clip_image2prompt_closedform/000136.png,"A breast scan identifying a poorly circumscribed, irregular mass suggestive of a malignant breast tumor.","A mammogram revealing normal breast tissue with no visible masses, calcifications, or distortions.",0.48423758149147034,0.416037380695343
/home/woojye2020/decs_jupyter_lab/MedCLIP-SAMv2/UDIAT2/test_images/000137.png,/home/woojye2020/decs_jupyter_lab/MedCLIP-SAMv2/generated_neg_output/udiat_clip_image2prompt_closedform/000137.png,"A medical breast mammogram showing an irregularly shaped, spiculated mass suggestive of a malignant breast tumor.","A mammogram revealing normal breast tissue with no visible masses, calcifications, or distortions.",0.26226311922073364,0.413348913192749
/home/woojye2020/decs_jupyter_lab/MedCLIP-SAMv2/UDIAT2/test_images/000138.png,/home/woojye2020/decs_jupyter_lab/MedCLIP-SAMv2/generated_neg_output/udiat_clip_image2prompt_closedform/000138.png,"A mammogram revealing an ill-defined, irregular mass likely representing a malignant breast tumor.","A breast imaging study showing clear, homogeneous breast tissue with no signs of pathology.",0.314190536737442,0.4069574773311615
/home/woojye2020/decs_jupyter_lab/MedCLIP-SAMv2/UDIAT2/test_images/000139.png,/home/woojye2020/decs_jupyter_lab/MedCLIP-SAMv2/generated_neg_output/udiat_clip_image2prompt_closedform/000139.png,"A breast imaging study showing an irregular, spiculated mass suggestive of a malignant breast tumor.","A mammogram revealing normal breast tissue with no visible masses, calcifications, or distortions.",0.44604676961898804,0.3580209016799927
/home/woojye2020/decs_jupyter_lab/MedCLIP-SAMv2/UDIAT2/test_images/000140.png,/home/woojye2020/decs_jupyter_lab/MedCLIP-SAMv2/generated_neg_output/udiat_clip_image2prompt_closedform/000140.png,"A breast scan showing an ill-defined, invasive mass likely representing a malignant breast tumor.","A breast imaging study showing clear, homogeneous breast tissue with no signs of pathology.",0.3812639117240906,0.4420555830001831
/home/woojye2020/decs_jupyter_lab/MedCLIP-SAMv2/UDIAT2/test_images/000141.png,/home/woojye2020/decs_jupyter_lab/MedCLIP-SAMv2/generated_neg_output/udiat_clip_image2prompt_closedform/000141.png,"A mammogram showing a dense, spiculated mass suggestive of a malignant breast tumor.","A mammogram showing no abnormalities in the breast tissue, suggestive of a normal, healthy breast.",0.4655977189540863,0.37056130170822144
/home/woojye2020/decs_jupyter_lab/MedCLIP-SAMv2/UDIAT2/test_images/000142.png,/home/woojye2020/decs_jupyter_lab/MedCLIP-SAMv2/generated_neg_output/udiat_clip_image2prompt_closedform/000142.png,"A breast imaging study showing an irregular, spiculated mass suggestive of a malignant breast tumor.","A mammogram showing no abnormalities in the breast tissue, suggestive of a normal, healthy breast.",0.2288329154253006,0.4194881319999695
/home/woojye2020/decs_jupyter_lab/MedCLIP-SAMv2/UDIAT2/test_images/000143.png,/home/woojye2020/decs_jupyter_lab/MedCLIP-SAMv2/generated_neg_output/udiat_clip_image2prompt_closedform/000143.png,"A medical breast mammogram showing an irregular, spiculated mass suggestive of a malignant breast tumor.","A breast mammogram showing unremarkable findings consistent with normal, healthy breast tissue.",0.33008915185928345,0.3359615206718445
/home/woojye2020/decs_jupyter_lab/MedCLIP-SAMv2/UDIAT2/test_images/000144.png,/home/woojye2020/decs_jupyter_lab/MedCLIP-SAMv2/generated_neg_output/udiat_clip_image2prompt_closedform/000144.png,"A breast scan showing an ill-defined, invasive mass likely representing a malignant breast tumor.","A medical breast mammogram showing clear breast tissue with no visible abnormalities, indicating a normal scan.",0.4011644124984741,0.35990360379219055
/home/woojye2020/decs_jupyter_lab/MedCLIP-SAMv2/UDIAT2/test_images/000145.png,/home/woojye2020/decs_jupyter_lab/MedCLIP-SAMv2/generated_neg_output/udiat_clip_image2prompt_closedform/000145.png,"A medical mammogram detecting a poorly defined, lobulated mass characteristic of a malignant breast tumor.","A medical breast mammogram showing clear breast tissue with no visible abnormalities, indicating a normal scan.",0.1392136663198471,0.4144018590450287
/home/woojye2020/decs_jupyter_lab/MedCLIP-SAMv2/UDIAT2/test_images/000146.png,/home/woojye2020/decs_jupyter_lab/MedCLIP-SAMv2/generated_neg_output/udiat_clip_image2prompt_closedform/000146.png,"A medical breast mammogram showing an irregular, spiculated mass suggestive of a malignant breast tumor.","A breast mammogram showing unremarkable findings consistent with normal, healthy breast tissue.",0.1964813470840454,0.2624160647392273
/home/woojye2020/decs_jupyter_lab/MedCLIP-SAMv2/UDIAT2/test_images/000147.png,/home/woojye2020/decs_jupyter_lab/MedCLIP-SAMv2/generated_neg_output/udiat_clip_image2prompt_closedform/000147.png,"A breast imaging study showing a poorly marginated, irregular mass indicative of a malignant tumor.",A medical mammogram displaying well-organized breast tissue with no evidence of abnormalities.,0.5007916688919067,0.43716245889663696
/home/woojye2020/decs_jupyter_lab/MedCLIP-SAMv2/UDIAT2/test_images/000295.png,/home/woojye2020/decs_jupyter_lab/MedCLIP-SAMv2/generated_neg_output/udiat_clip_image2prompt_closedform/000295.png,"A mammogram displaying an irregularly shaped, spiculated mass suggestive of a malignant breast tumor.","A medical breast imaging study revealing clear, unremarkable breast tissue consistent with a healthy scan.",0.6026428937911987,0.39214205741882324
/home/woojye2020/decs_jupyter_lab/MedCLIP-SAMv2/UDIAT2/test_images/000296.png,/home/woojye2020/decs_jupyter_lab/MedCLIP-SAMv2/generated_neg_output/udiat_clip_image2prompt_closedform/000296.png,"A medical breast mammogram showing an irregular, spiculated mass suggestive of a malignant breast tumor.",A medical mammogram displaying well-organized breast tissue with no evidence of abnormalities.,0.3036124110221863,0.3690704107284546
/home/woojye2020/decs_jupyter_lab/MedCLIP-SAMv2/UDIAT2/test_images/000297.png,/home/woojye2020/decs_jupyter_lab/MedCLIP-SAMv2/generated_neg_output/udiat_clip_image2prompt_closedform/000297.png,"A mammogram displaying a poorly defined, lobulated mass indicative of a malignant breast tumor.","A medical breast imaging study revealing clear, unremarkable breast tissue consistent with a healthy scan.",0.5319469571113586,0.3552178144454956
/home/woojye2020/decs_jupyter_lab/MedCLIP-SAMv2/UDIAT2/test_images/000298.png,/home/woojye2020/decs_jupyter_lab/MedCLIP-SAMv2/generated_neg_output/udiat_clip_image2prompt_closedform/000298.png,"A mammogram displaying a poorly defined, lobulated mass indicative of a malignant breast tumor.","A breast mammogram showing unremarkable findings consistent with normal, healthy breast tissue.",0.3983214199542999,0.3356388509273529
/home/woojye2020/decs_jupyter_lab/MedCLIP-SAMv2/UDIAT2/test_images/000299.png,/home/woojye2020/decs_jupyter_lab/MedCLIP-SAMv2/generated_neg_output/udiat_clip_image2prompt_closedform/000299.png,"A mammogram displaying a poorly defined, lobulated mass indicative of a malignant breast tumor.","A mammogram showing no abnormalities in the breast tissue, suggestive of a normal, healthy breast.",0.23590867221355438,0.22501665353775024
/home/woojye2020/decs_jupyter_lab/MedCLIP-SAMv2/UDIAT2/test_images/000300.png,/home/woojye2020/decs_jupyter_lab/MedCLIP-SAMv2/generated_neg_output/udiat_clip_image2prompt_closedform/000300.png,"A breast scan showing a spiculated, invasive mass likely indicating a malignant breast tumor.",A breast mammogram displaying normal breast structures with no signs of disease or masses.,0.4469999670982361,0.3431967496871948
/home/woojye2020/decs_jupyter_lab/MedCLIP-SAMv2/UDIAT2/test_images/000301.png,/home/woojye2020/decs_jupyter_lab/MedCLIP-SAMv2/generated_neg_output/udiat_clip_image2prompt_closedform/000301.png,"A medical breast mammogram detecting a spiculated, irregular mass characteristic of a malignant tumor.","A mammogram showing no abnormalities in the breast tissue, suggestive of a normal, healthy breast.",0.3466303050518036,0.28178122639656067
/home/woojye2020/decs_jupyter_lab/MedCLIP-SAMv2/UDIAT2/test_images/000302.png,/home/woojye2020/decs_jupyter_lab/MedCLIP-SAMv2/generated_neg_output/udiat_clip_image2prompt_closedform/000302.png,"A medical breast mammogram detecting a spiculated, irregular mass characteristic of a malignant tumor.","A breast mammogram showing unremarkable findings consistent with normal, healthy breast tissue.",0.5445431470870972,0.4449242949485779
/home/woojye2020/decs_jupyter_lab/MedCLIP-SAMv2/UDIAT2/test_images/000303.png,/home/woojye2020/decs_jupyter_lab/MedCLIP-SAMv2/generated_neg_output/udiat_clip_image2prompt_closedform/000303.png,"A medical breast mammogram showing an irregular, spiculated mass suggestive of a malignant breast tumor.","A breast mammogram showing unremarkable findings consistent with normal, healthy breast tissue.",0.2861343026161194,0.3446345031261444
/home/woojye2020/decs_jupyter_lab/MedCLIP-SAMv2/UDIAT2/test_images/000304.png,/home/woojye2020/decs_jupyter_lab/MedCLIP-SAMv2/generated_neg_output/udiat_clip_image2prompt_closedform/000304.png,"A mammogram displaying a poorly defined, lobulated mass indicative of a malignant breast tumor.","A mammogram revealing normal breast tissue with no visible masses, calcifications, or distortions.",0.337471067905426,0.25314438343048096
/home/woojye2020/decs_jupyter_lab/MedCLIP-SAMv2/UDIAT2/test_images/000305.png,/home/woojye2020/decs_jupyter_lab/MedCLIP-SAMv2/generated_neg_output/udiat_clip_image2prompt_closedform/000305.png,"A medical breast mammogram detecting a spiculated, irregular mass characteristic of a malignant tumor.","A breast mammogram showing unremarkable findings consistent with normal, healthy breast tissue.",0.43656766414642334,0.30032801628112793
/home/woojye2020/decs_jupyter_lab/MedCLIP-SAMv2/UDIAT2/test_images/000306.png,/home/woojye2020/decs_jupyter_lab/MedCLIP-SAMv2/generated_neg_output/udiat_clip_image2prompt_closedform/000306.png,"A mammogram displaying an irregularly shaped, spiculated mass suggestive of a malignant breast tumor.",A medical breast mammogram showing healthy breast parenchyma with no suspicious findings.,0.5389926433563232,0.41543230414390564
/home/woojye2020/decs_jupyter_lab/MedCLIP-SAMv2/UDIAT2/test_images/000307.png,/home/woojye2020/decs_jupyter_lab/MedCLIP-SAMv2/generated_neg_output/udiat_clip_image2prompt_closedform/000307.png,"A mammogram revealing an ill-defined, irregular mass likely representing a malignant breast tumor.","A mammogram showing no abnormalities in the breast tissue, suggestive of a normal, healthy breast.",0.37007102370262146,0.2406967729330063
/home/woojye2020/decs_jupyter_lab/MedCLIP-SAMv2/UDIAT2/test_images/000308.png,/home/woojye2020/decs_jupyter_lab/MedCLIP-SAMv2/generated_neg_output/udiat_clip_image2prompt_closedform/000308.png,"A medical mammogram detecting a poorly defined, lobulated mass characteristic of a malignant breast tumor.","A mammogram showing no abnormalities in the breast tissue, suggestive of a normal, healthy breast.",0.33551713824272156,0.3128100037574768
/home/woojye2020/decs_jupyter_lab/MedCLIP-SAMv2/UDIAT2/test_images/000309.png,/home/woojye2020/decs_jupyter_lab/MedCLIP-SAMv2/generated_neg_output/udiat_clip_image2prompt_closedform/000309.png,"A mammogram revealing an ill-defined, irregular mass likely representing a malignant breast tumor.","A mammogram revealing normal breast tissue with no visible masses, calcifications, or distortions.",0.434247761964798,0.22024764120578766
/home/woojye2020/decs_jupyter_lab/MedCLIP-SAMv2/UDIAT2/test_images/000310.png,/home/woojye2020/decs_jupyter_lab/MedCLIP-SAMv2/generated_neg_output/udiat_clip_image2prompt_closedform/000310.png,"A mammogram showing a dense, spiculated mass suggestive of a malignant breast tumor.","A breast imaging scan displaying normal, well-distributed breast tissue with no evidence of masses or tumors.",0.4708532691001892,0.4189419150352478
